symbol,date,open,high,low,close,adjclose,volume
INFY.NS,2025-08-28,1529.5999755859375,1529.5999755859375,1498.0,1500.0999755859375,1446.1868344872175,5443364.0
INFY.NS,2025-08-29,1501.9000244140625,1501.9000244140625,1467.699951171875,1469.5999755859375,1416.7829952966788,8169075.0
INFY.NS,2025-09-01,1476.699951171875,1503.4000244140625,1476.199951171875,1499.4000244140625,1445.512039349544,4546057.0
INFY.NS,2025-09-02,1499.4000244140625,1512.800048828125,1486.300048828125,1498.699951171875,1444.8371265287283,5218763.0
INFY.NS,2025-09-03,1500.0,1501.9000244140625,1473.0,1479.0999755859375,1425.9415681593057,4623483.0
INFY.NS,2025-09-04,1484.0,1484.0,1460.0999755859375,1463.0,1410.420220844535,5787724.0
INFY.NS,2025-09-05,1470.0,1472.699951171875,1433.0,1444.5999755859375,1392.6814877634501,5466487.0
INFY.NS,2025-09-08,1451.0,1458.0,1428.300048828125,1432.9000244140625,1381.4020293111562,3811567.0
INFY.NS,2025-09-09,1481.0,1507.199951171875,1472.5,1504.300048828125,1450.2359583626853,13072640.0
INFY.NS,2025-09-10,1510.0999755859375,1534.9000244140625,1509.300048828125,1532.5999755859375,1477.5187942804148,7281071.0
INFY.NS,2025-09-11,1523.9000244140625,1527.5,1506.5,1509.699951171875,1455.441789843349,8003662.0
INFY.NS,2025-09-12,1537.0,1542.9000244140625,1521.0999755859375,1525.5999755859375,1470.7703721711107,12856963.0
INFY.NS,2025-09-15,1525.5999755859375,1527.5,1501.199951171875,1508.4000244140625,1454.1885820615064,6167414.0
INFY.NS,2025-09-16,1508.4000244140625,1514.0,1503.5,1511.300048828125,1456.9843804719894,8923112.0
INFY.NS,2025-09-17,1516.9000244140625,1526.699951171875,1514.0,1522.4000244140625,1467.6854262801144,4795698.0
INFY.NS,2025-09-18,1550.0,1555.0,1538.5,1540.5999755859375,1485.231276691048,9331945.0
INFY.NS,2025-09-19,1544.5999755859375,1551.300048828125,1520.0999755859375,1540.199951171875,1484.8456290338877,12988129.0
INFY.NS,2025-09-22,1482.699951171875,1514.699951171875,1482.0,1499.5,1445.6084218430485,15655204.0
INFY.NS,2025-09-23,1493.0,1513.0,1493.0,1497.5,1443.6803012403902,9832164.0
INFY.NS,2025-09-24,1487.199951171875,1496.699951171875,1482.699951171875,1494.5999755859375,1440.8845028299074,4937004.0
INFY.NS,2025-09-25,1489.0,1502.699951171875,1476.5,1484.800048828125,1431.436782486767,9491867.0
INFY.NS,2025-09-26,1475.0,1478.699951171875,1441.199951171875,1448.9000244140625,1396.8269941324224,8597058.0
INFY.NS,2025-09-29,1460.0,1465.0,1436.5,1441.800048828125,1389.982189529614,10513117.0
INFY.NS,2025-09-30,1443.0,1452.199951171875,1438.0999755859375,1441.800048828125,1389.982189529614,7556305.0
INFY.NS,2025-10-01,1446.0,1449.5,1427.4000244140625,1445.800048828125,1393.8384307349306,6250692.0
INFY.NS,2025-10-02,1462.19782533,1466.49423186,1391.03907795,1395.13844249,1344.9975872627795,
INFY.NS,2025-10-03,1439.0,1448.300048828125,1433.199951171875,1446.5999755859375,1394.6096083661084,6877533.0
INFY.NS,2025-10-06,1446.5999755859375,1478.800048828125,1442.300048828125,1476.0,1422.9530047618136,4630590.0
INFY.NS,2025-10-07,1477.699951171875,1482.9000244140625,1454.0,1458.5,1406.0819494885538,5570320.0
INFY.NS,2025-10-08,1457.0,1498.0,1455.0,1495.0,1441.2701504870674,4657192.0
INFY.NS,2025-10-09,1502.0,1514.0,1487.0,1509.300048828125,1455.0562598693311,7028753.0
INFY.NS,2025-10-10,1510.0,1521.699951171875,1498.800048828125,1514.9000244140625,1460.4549740201458,3738353.0
INFY.NS,2025-10-13,1497.0,1504.699951171875,1483.4000244140625,1493.199951171875,1439.5347948714182,5859355.0
INFY.NS,2025-10-14,1499.0,1514.4000244140625,1486.5,1489.9000244140625,1436.3534664869173,5600789.0
INFY.NS,2025-10-15,1483.9000244140625,1488.5999755859375,1467.5,1474.4000244140625,1421.4105318163156,6986098.0
INFY.NS,2025-10-16,1473.9000244140625,1474.5,1460.5,1471.5,1418.6147334058326,8005748.0
INFY.NS,2025-10-17,1454.9000244140625,1458.4000244140625,1434.0,1441.0999755859375,1389.3072767087983,16959378.0
INFY.NS,2025-10-20,1453.699951171875,1467.0,1450.0,1460.9000244140625,1408.3957177483721,6994246.0
INFY.NS,2025-10-21,1478.0,1486.0,1470.0,1472.4000244140625,1419.4824112136573,1698704.0
INFY.NS,2025-10-22,1478.10912128,1484.32508963,1451.221334,1457.35000296,1404.9732829956438,
INFY.NS,2025-10-23,1510.0,1546.0,1506.0,1528.5,1473.5661705815937,20358624.0
INFY.NS,2025-10-24,1539.5,1543.0,1518.0,1525.4000244140625,1470.577607184102,8652257.0
INFY.NS,2025-10-27,1510.0,1515.300048828125,1498.0999755859375,1504.5,1472.633103072101,7273211.0
INFY.NS,2025-10-28,1499.699951171875,1506.5,1490.5,1500.199951171875,1468.4241338137938,8211019.0
INFY.NS,2025-10-29,1500.199951171875,1520.199951171875,1496.9000244140625,1510.4000244140625,1478.4081587458013,4884976.0
INFY.NS,2025-10-30,1507.0,1508.199951171875,1489.0999755859375,1493.800048828125,1462.1597881522218,5608867.0
INFY.NS,2025-10-31,1490.0,1497.0999755859375,1480.699951171875,1482.300048828125,1450.903370282279,4819814.0
INFY.NS,2025-11-03,1482.300048828125,1491.4000244140625,1474.199951171875,1485.5,1454.035543113065,5470600.0
INFY.NS,2025-11-04,1479.699951171875,1481.9000244140625,1462.9000244140625,1467.9000244140625,1436.808353574273,8691330.0
INFY.NS,2025-11-05,1483.7624831,1526.07460082,1468.80477768,1510.84388964,1478.8426224380698,
INFY.NS,2025-11-06,1478.5999755859375,1483.0,1461.9000244140625,1466.699951171875,1435.6336991491773,7944752.0
INFY.NS,2025-11-07,1470.0,1480.9000244140625,1449.0999755859375,1476.800048828125,1445.5198660836106,8765759.0
INFY.NS,2025-11-10,1490.0999755859375,1520.0,1490.0,1513.5,1481.4424735790128,9787975.0
INFY.NS,2025-11-11,1525.0,1533.4000244140625,1511.0999755859375,1530.300048828125,1497.8866796524756,13692989.0
INFY.NS,2025-11-12,1540.0,1559.199951171875,1538.0999755859375,1551.699951171875,1518.8333094922339,14635417.0
INFY.NS,2025-11-13,1557.0999755859375,1557.5,1530.300048828125,1541.800048828125,1509.1430975224184,19655689.0
INFY.NS,2025-11-14,1520.0,1530.0,1488.800048828125,1502.800048828125,1470.9691586591337,9739549.0
INFY.NS,2025-11-17,1496.0,1510.199951171875,1492.5,1507.5999755859375,1475.6674179053127,7910354.0
INFY.NS,2025-11-18,1506.0,1506.0,1483.199951171875,1486.4000244140625,1454.916504060703,7525119.0
INFY.NS,2025-11-19,1490.5,1543.0,1490.5,1541.0999755859375,1508.457852569929,10981126.0
INFY.NS,2025-11-20,1555.0,1555.0,1534.0,1536.5,1503.9553093188988,7387584.0
INFY.NS,2025-11-21,1531.0,1551.5,1526.300048828125,1545.0,1512.2752703532044,9186302.0
INFY.NS,2025-11-24,1563.5999755859375,1585.0,1541.0,1548.0,1515.2117271888417,19270381.0
INFY.NS,2025-11-25,1549.0,1550.5999755859375,1525.9000244140625,1530.5999755859375,1498.1802536451985,8107952.0
INFY.NS,2025-11-26,1532.0999755859375,1560.300048828125,1532.0999755859375,1557.9000244140625,1524.9020586433917,7575038.0
INFY.NS,2025-11-27,1564.0,1574.300048828125,1552.199951171875,1566.4000244140625,1533.2220196776973,7552252.0
INFY.NS,2025-11-28,1565.0,1568.4000244140625,1557.0,1560.0999755859375,1527.0554125289652,4453221.0
INFY.NS,2025-12-01,1562.5,1574.0,1556.0,1564.0,1530.8728303122407,5341800.0
INFY.NS,2025-12-02,1567.0,1579.9000244140625,1556.0999755859375,1561.0,1527.9363734766034,6335969.0
INFY.NS,2025-12-03,1555.0999755859375,1586.0,1554.0999755859375,1578.699951171875,1545.2614210129695,12895312.0
INFY.NS,2025-12-04,1568.0,1599.0,1568.0,1597.5999755859375,1563.7611229744314,12609619.0
INFY.NS,2025-12-05,1610.0,1631.800048828125,1600.0,1616.199951171875,1581.9671314584357,10344725.0
INFY.NS,2025-12-08,1617.0999755859375,1630.0,1600.199951171875,1610.800048828125,1576.6816047420762,7550413.0
INFY.NS,2025-12-09,1601.199951171875,1606.9000244140625,1582.4000244140625,1599.0,1565.1314933946755,6957599.0
INFY.NS,2025-12-10,1608.0,1608.0,1582.800048828125,1584.800048828125,1551.232312166553,5116140.0
INFY.NS,2025-12-11,1598.0,1607.4000244140625,1580.5,1598.0,1564.1526744494631,5159319.0
INFY.NS,2025-12-12,1601.4000244140625,1601.800048828125,1582.5999755859375,1598.199951171875,1564.3483904446118,4633912.0
INFY.NS,2025-12-15,1585.0,1610.800048828125,1585.0,1606.800048828125,1572.7663289612265,4190558.0
INFY.NS,2025-12-16,1600.0,1603.0,1585.5999755859375,1592.9000244140625,1559.1607217258268,5499258.0
INFY.NS,2025-12-17,1587.199951171875,1606.9000244140625,1586.0,1602.0,1568.067950230313,4817628.0
INFY.NS,2025-12-18,1610.5,1630.0,1606.699951171875,1626.800048828125,1592.342707865475,6577293.0
INFY.NS,2025-12-19,1650.0,1654.9000244140625,1629.800048828125,1638.699951171875,1603.9905577257152,13149023.0
INFY.NS,2025-12-22,1664.0,1693.199951171875,1664.0,1689.5999755859375,1653.8124659339749,23098923.0
INFY.NS,2025-12-23,1679.0,1679.0,1656.4000244140625,1668.300048828125,1632.9636940917908,6593060.0
INFY.NS,2025-12-24,1661.0,1667.5999755859375,1652.5,1663.4000244140625,1628.1674573633031,4271167.0
INFY.NS,2025-12-25,1647.35787414,1725.35245676,1613.72417403,1690.83117301,1655.017585297944,
INFY.NS,2025-12-26,1663.4000244140625,1668.800048828125,1651.699951171875,1656.0999755859375,1621.0220312693584,2006491.0
INFY.NS,2025-12-29,1658.0,1673.0999755859375,1637.0999755859375,1644.699951171875,1609.86347139699,4062817.0
INFY.NS,2025-12-30,1647.0,1647.9000244140625,1616.800048828125,1621.5999755859375,1587.2527776595296,9395937.0
INFY.NS,2025-12-31,1621.0,1628.5999755859375,1609.199951171875,1615.4000244140625,1581.1841479931063,6538656.0
INFY.NS,2026-01-01,1615.4000244140625,1639.5999755859375,1614.0999755859375,1629.800048828125,1595.2791647011122,3658165.0
INFY.NS,2026-01-02,1635.9000244140625,1643.5,1627.5,1640.4000244140625,1605.6546216234171,2524526.0
INFY.NS,2026-01-05,1637.0,1637.0,1583.0999755859375,1606.4000244140625,1572.3747774861945,5917885.0
INFY.NS,2026-01-06,1600.0999755859375,1619.9000244140625,1599.0,1612.199951171875,1578.051855677586,4466729.0
INFY.NS,2026-01-07,1615.0,1642.0,1615.0,1639.0,1604.2842512031727,4508079.0
INFY.NS,2026-01-08,1638.9000244140625,1644.300048828125,1608.5999755859375,1613.300048828125,1579.1286521051072,3942131.0
INFY.NS,2026-01-09,1610.0,1631.300048828125,1607.0,1614.0999755859375,1579.9116355704364,6816681.0
INFY.NS,2026-01-12,1610.0999755859375,1613.300048828125,1592.5999755859375,1595.9000244140625,1562.097178561464,6985362.0
INFY.NS,2026-01-13,1618.0,1618.0,1586.4000244140625,1599.0,1565.1314933946755,8080618.0
INFY.NS,2026-01-14,1588.0,1617.0,1583.0999755859375,1599.800048828125,1565.9145963447395,7557157.0
INFY.NS,2026-01-15,1599.800048828125,1599.800048828125,1599.800048828125,1599.800048828125,1565.9145963447395,0.0
INFY.NS,2026-01-16,1663.699951171875,1694.0,1653.4000244140625,1689.800048828125,1654.0083014138581,19335957.0
INFY.NS,2026-01-19,1685.0,1685.0,1666.5,1681.199951171875,1645.5903628972435,5104958.0
INFY.NS,2026-01-20,1673.0,1680.199951171875,1652.9000244140625,1658.9000244140625,1623.7627721098472,6406503.0
INFY.NS,2026-01-21,1651.0,1657.0,1631.199951171875,1654.4000244140625,1619.358086856391,6224582.0
INFY.NS,2026-01-22,1666.0,1671.199951171875,1653.800048828125,1663.5,1628.2653153608774,6228892.0
INFY.NS,2026-01-23,1667.199951171875,1675.699951171875,1662.199951171875,1670.800048828125,1635.4107414548218,5869137.0
INFY.NS,2026-01-26,1642.65391379,1674.282479,1618.41220687,1649.9333448,1614.9860162279526,
INFY.NS,2026-01-27,1685.800048828125,1689.4000244140625,1661.0999755859375,1682.699951171875,1647.0585913150621,10673087.0
INFY.NS,2026-01-28,1680.0,1688.800048828125,1650.0,1666.5,1631.2017721965146,8588664.0
INFY.NS,2026-01-29,1658.0,1666.5,1642.0999755859375,1659.5,1624.3500395800277,4749582.0
INFY.NS,2026-01-30,1655.0,1655.0,1618.0999755859375,1641.0,1606.2418890935978,9207926.0
INFY.NS,2026-02-02,1662.0,1662.0,1618.0,1629.4000244140625,1594.8876132260805,6784887.0
INFY.NS,2026-02-03,1727.199951171875,1728.0,1653.0,1656.0,1620.9241732717842,8805868.0
INFY.NS,2026-02-04,1574.0,1584.9000244140625,1510.0999755859375,1535.800048828125,1503.2701838511439,28828622.0
INFY.NS,2026-02-05,1534.0,1551.0,1515.699951171875,1520.199951171875,1488.0005127180423,10628127.0
INFY.NS,2026-02-06,1522.0999755859375,1525.0,1480.0,1507.0999755859375,1475.1780084327065,13900866.0
INFY.NS,2026-02-09,1522.0999755859375,1528.0,1493.0,1497.199951171875,1465.4876769781565,8294615.0
INFY.NS,2026-02-10,1500.0,1515.9000244140625,1491.0,1497.800048828125,1466.0750639330715,8657000.0
INFY.NS,2026-02-11,1501.199951171875,1505.9000244140625,1469.0,1471.9000244140625,1440.7236293551227,7934411.0
INFY.NS,2026-02-12,1428.9000244140625,1435.699951171875,1380.5,1386.0,1356.643058064428,26048896.0
INFY.NS,2026-02-13,1293.9000244140625,1377.300048828125,1281.5,1369.0999755859375,1340.100993993391,45785709.0
INFY.NS,2026-02-16,1373.699951171875,1376.0,1338.300048828125,1365.5999755859375,1336.6751276851476,14621891.0
INFY.NS,2026-02-17,1370.0,1431.0,1367.0,1391.199951171875,1361.7328687856389,25347684.0
INFY.NS,2026-02-18,1390.9000244140625,1401.0,1345.300048828125,1373.699951171875,1344.6035372444214,20241373.0
INFY.NS,2026-02-19,1385.0,1402.0,1363.199951171875,1370.5,1341.4713644136355,14574228.0
INFY.NS,2026-02-20,1359.199951171875,1365.0,1338.199951171875,1353.199951171875,1324.5377488675665,12633552.0
INFY.NS,2026-02-23,1352.0,1352.0,1318.0,1327.5,1299.382149769501,12887826.0
INFY.NS,2026-02-24,1301.0,1303.5999755859375,1264.0999755859375,1275.5,1248.4835646184545,27839061.0
INFY.NS,2026-02-25,1286.199951171875,1323.5999755859375,1286.199951171875,1290.0999755859375,1262.774297321609,16669618.0
INFY.NS,2026-02-26,1305.5,1314.0,1286.300048828125,1289.0999755859375,1261.7954783763967,11493914.0
INFY.NS,2026-02-27,1326.300048828125,1335.0,1294.199951171875,1300.0999755859375,1272.5624867737333,23141724.0
INFY.NS,2026-03-02,1291.0,1298.800048828125,1273.0,1288.9000244140625,1261.599762381248,9700361.0
INFY.NS,2026-03-03,1276.735572,1285.22098544,1265.62858691,1274.09646034,1247.1097534088894,
INFY.NS,2026-03-04,1292.0,1317.0,1292.0,1307.4000244140625,1279.707912867678,15154950.0
INFY.NS,2026-03-05,1320.0,1320.0,1290.0999755859375,1305.800048828125,1278.141826452285,10362147.0
INFY.NS,2026-03-06,1303.0,1327.199951171875,1303.0,1308.4000244140625,1280.6867318128905,8724291.0
INFY.NS,2026-03-09,1290.0,1318.0,1282.5,1315.0,1287.1469129543455,10068514.0
INFY.NS,2026-03-10,1320.0,1321.0,1284.0999755859375,1295.5999755859375,1268.1578015202774,9600171.0
INFY.NS,2026-03-11,1288.0,1299.5,1271.300048828125,1276.300048828125,1249.2666675685182,7868891.0
INFY.NS,2026-03-12,1272.5,1278.5999755859375,1258.0,1265.800048828125,1238.9890686437877,7599940.0
INFY.NS,2026-03-13,1251.0,1269.5999755859375,1242.5999755859375,1248.300048828125,1221.8597371025703,7366098.0
INFY.NS,2026-03-16,1240.199951171875,1254.300048828125,1224.199951171875,1249.800048828125,1223.327965520389,12314450.0
INFY.NS,2026-03-17,1245.0,1245.0,1215.0999755859375,1232.9000244140625,1206.785901449352,11223276.0
INFY.NS,2026-03-18,1238.0,1290.800048828125,1234.9000244140625,1267.0999755859375,1240.2614615817233,12365381.0
INFY.NS,2026-03-19,1244.199951171875,1255.0,1215.0999755859375,1220.800048828125,1194.9422161092284,9156461.0
INFY.NS,2026-03-20,1242.0,1264.800048828125,1229.199951171875,1255.9000244140625,1229.2987371892377,27299975.0
INFY.NS,2026-03-23,1238.199951171875,1261.0999755859375,1227.4000244140625,1256.800048828125,1230.179698136876,12420293.0
INFY.NS,2026-03-24,1269.0,1297.0,1251.0,1278.300048828125,1251.224305458943,13613495.0
INFY.NS,2026-03-25,1270.0,1290.5999755859375,1257.0999755859375,1279.0999755859375,1252.0072889242724,10824030.0
INFY.NS,2026-03-26,1256.48919525,1317.73633214,1251.18888962,1312.2010148,1284.4072132132162,
INFY.NS,2026-03-27,1285.199951171875,1294.800048828125,1263.199951171875,1269.699951171875,1242.8063669423286,13092541.0
INFY.NS,2026-03-30,1250.0,1265.5,1243.0,1250.5999755859375,1224.110948985718,14108486.0
INFY.NS,2026-03-31,1232.39229173,1298.69091969,1196.20303328,1261.64272099,1234.919797394372,
INFY.NS,2026-04-01,1290.0,1303.0,1269.5,1275.699951171875,1248.6792806136032,8137156.0
INFY.NS,2026-04-02,1260.0,1305.4000244140625,1259.800048828125,1300.800048828125,1273.2477317262228,12873492.0
INFY.NS,2026-04-03,1297.98445481,1318.18400235,1287.11957994,1307.24163953,1279.5528827425223,
INFY.NS,2026-04-06,1301.4000244140625,1320.0,1299.0,1306.199951171875,1278.5332584425823,10208682.0
INFY.NS,2026-04-07,1302.0,1345.0999755859375,1293.5,1339.4000244140625,1311.0301191144756,15355792.0
INFY.NS,2026-04-08,1349.0,1376.9000244140625,1331.0,1346.199951171875,1317.6860162510795,16030133.0
INFY.NS,2026-04-09,1329.9000244140625,1337.5,1314.0,1331.5999755859375,1303.395283547925,14894607.0
INFY.NS,2026-04-10,1318.0,1318.9000244140625,1283.300048828125,1292.5,1265.123486687066,19233369.0
INFY.NS,2026-04-13,1272.0,1289.0,1265.699951171875,1276.800048828125,1249.7560770411244,10366082.0
INFY.NS,2026-04-14,1287.59379374,1315.02029338,1268.4330636,1295.7383636,1268.2932583302322,
INFY.NS,2026-04-15,1306.300048828125,1322.5,1300.5,1305.300048828125,1277.6524169796787,12098912.0
INFY.NS,2026-04-16,1322.0999755859375,1331.0,1309.0,1319.199951171875,1291.2579047303439,18527029.0
INFY.NS,2026-04-17,1313.0,1328.300048828125,1306.0999755859375,1318.699951171875,1290.7684952577376,12064048.0
INFY.NS,2026-04-20,1320.0,1324.9000244140625,1308.0999755859375,1312.5999755859375,1284.7977235888889,7172300.0
INFY.NS,2026-04-21,1310.0,1325.0,1299.300048828125,1313.199951171875,1285.3849910590693,10057440.0
INFY.NS,2026-04-22,1295.0,1297.699951171875,1255.9000244140625,1268.5999755859375,1241.729689999542,20088378.0
INFY.NS,2026-04-23,1254.0,1265.699951171875,1226.0,1240.5999755859375,1214.3227595335939,14792854.0
INFY.NS,2026-04-24,1200.0,1223.9000244140625,1152.199951171875,1154.5999755859375,1130.144330245325,42078914.0
INFY.NS,2026-04-27,1154.5999755859375,1179.9000244140625,1154.5,1170.300048828125,1145.5118593760008,19579883.0
INFY.NS,2026-04-28,1162.699951171875,1169.4000244140625,1149.800048828125,1152.0999755859375,1127.6972828822938,12720276.0
INFY.NS,2026-04-29,1158.5,1178.199951171875,1156.800048828125,1167.5,1142.7711185355122,8303109.0
INFY.NS,2026-04-30,1167.5,1189.800048828125,1159.5999755859375,1181.800048828125,1156.7682772459436,12205669.0
INFY.NS,2026-05-01,1181.800048828125,1181.800048828125,1181.800048828125,1181.800048828125,1156.7682772459436,0.0
INFY.NS,2026-05-04,1195.0,1195.0,1165.199951171875,1168.4000244140625,1143.6520794831501,7735811.0
INFY.NS,2026-05-05,1169.5,1185.199951171875,1160.0999755859375,1178.0999755859375,1153.1465754578169,8164108.0
INFY.NS,2026-05-06,1187.0,1191.5,1164.0999755859375,1167.199951171875,1142.4774250580545,9856963.0
INFY.NS,2026-05-07,1173.0,1175.4000244140625,1159.199951171875,1162.699951171875,1138.0727398045985,12013987.0
INFY.NS,2026-05-08,1161.0,1183.5,1158.800048828125,1179.199951171875,1154.2232524006038,7582770.0
INFY.NS,2026-05-11,1176.0,1187.0,1172.0999755859375,1177.0,1152.0698985150302,7336288.0
INFY.NS,2026-05-12,1162.0,1162.0,1123.0,1140.300048828125,1116.1472910196278,16891948.0
INFY.NS,2026-05-13,1136.5999755859375,1142.5999755859375,1121.0,1123.0999755859375,1099.3115334711333,6664111.0
INFY.NS,2026-05-14,1119.800048828125,1121.9000244140625,1089.0,1095.0,1071.806745007611,16914842.0
INFY.NS,2026-05-15,1102.0,1133.199951171875,1101.5999755859375,1119.0,1095.2983996927092,17482450.0
INFY.NS,2026-05-18,1119.0,1146.0999755859375,1118.0,1142.5,1118.3006449052014,12096377.0
INFY.NS,2026-05-19,1162.0,1198.4000244140625,1162.0,1196.9000244140625,1171.5484194217045,32175705.0
INFY.NS,2026-05-20,1187.0,1206.9000244140625,1184.9000244140625,1193.699951171875,1168.416127106184,15121010.0
INFY.NS,2026-05-21,1196.0999755859375,1201.800048828125,1177.0,1181.199951171875,1156.1808902910286,10021033.0
INFY.NS,2026-05-22,1182.5,1191.800048828125,1172.5,1174.5,1149.6228511519992,8803066.0
INFY.NS,2026-05-25,1183.0,1185.0,1166.0999755859375,1168.5,1143.7499374807246,5856136.0
INFY.NS,2026-05-26,1166.300048828125,1180.699951171875,1162.9000244140625,1167.699951171875,1142.9668345306607,8005767.0
INFY.NS,2026-05-27,1161.0,1167.300048828125,1155.0,1159.9000244140625,1135.3321184488445,6371871.0
INFY.NS,2026-05-28,1159.9000244140625,1159.9000244140625,1159.9000244140625,1159.9000244140625,1135.3321184488445,0.0
INFY.NS,2026-05-29,1182.0,1210.0,1153.5999755859375,1160.9000244140625,1136.310937394057,69085430.0
INFY.NS,2026-06-01,1175.0,1217.0,1173.699951171875,1202.5,1177.029781617947,19439331.0
INFY.NS,2026-06-02,1232.5,1278.9000244140625,1232.5,1270.800048828125,1243.8831633698499,36032600.0
INFY.NS,2026-06-03,1242.0999755859375,1249.9000244140625,1216.0,1222.5999755859375,1196.70401851977,18534303.0
INFY.NS,2026-06-04,1208.0,1215.199951171875,1196.199951171875,1201.300048828125,1175.8552466775861,12755957.0
INFY.NS,2026-06-05,1220.0,1223.800048828125,1194.300048828125,1197.5,1172.135686891885,8692290.0
INFY.NS,2026-06-08,1177.5,1200.699951171875,1176.5,1187.5999755859375,1162.4453554373351,8631711.0
INFY.NS,2026-06-09,1193.5999755859375,1193.5999755859375,1167.300048828125,1180.300048828125,1155.300048828125,10984054.0
INFY.NS,2026-06-10,1160.0999755859375,1171.4000244140625,1143.300048828125,1145.300048828125,1145.300048828125,8887626.0
INFY.NS,2026-06-11,1129.699951171875,1133.699951171875,1109.0,1114.5999755859375,1114.5999755859375,9372176.0
INFY.NS,2026-06-12,1120.0,1123.300048828125,1111.5,1116.4000244140625,1116.4000244140625,8075333.0
INFY.NS,2026-06-15,1130.0,1151.0,1123.0,1134.9000244140625,1134.9000244140625,7856192.0
INFY.NS,2026-06-16,1136.9000244140625,1153.800048828125,1123.199951171875,1143.5999755859375,1143.5999755859375,10456090.0
INFY.NS,2026-06-17,1149.0,1162.5,1148.0,1157.699951171875,1157.699951171875,5995119.0
INFY.NS,2026-06-18,1142.9000244140625,1142.9000244140625,1125.300048828125,1127.5,1127.5,16781447.0
INFY.NS,2026-06-19,1062.300048828125,1066.0,1030.0,1051.4000244140625,1051.4000244140625,45665442.0
INFY.NS,2026-06-22,1055.0,1080.300048828125,1055.0,1065.4000244140625,1065.4000244140625,10178505.0
INFY.NS,2026-06-23,1053.800048828125,1055.300048828125,1026.0,1029.300048828125,1029.300048828125,19323064.0
INFY.NS,2026-06-24,1040.9000244140625,1065.5,1037.699951171875,1056.5999755859375,1056.5999755859375,12346266.0
INFY.NS,2026-06-25,1065.0,1068.0,1039.0999755859375,1041.199951171875,1041.199951171875,15866779.0
INFY.NS,2026-06-26,1041.199951171875,1041.199951171875,1041.199951171875,1041.199951171875,1041.199951171875,0.0
INFY.NS,2026-06-29,1037.0999755859375,1046.5999755859375,1029.0999755859375,1036.699951171875,1036.699951171875,15080892.0
INFY.NS,2026-06-30,1030.0,1030.4000244140625,996.0,1000.4000244140625,1000.4000244140625,24128263.0
INFY.NS,2026-07-01,1006.0,1014.0,982.4000244140625,985.2999877929688,985.2999877929688,13037982.0
INFY.NS,2026-07-02,1006.4000244140625,1045.0,1006.0,1040.9000244140625,1040.9000244140625,18741111.0
INFY.NS,2026-07-03,1063.0,1068.699951171875,1042.0,1047.199951171875,1047.199951171875,11653534.0
INFY.NS,2026-07-06,1050.0999755859375,1053.0,1033.0,1042.199951171875,1042.199951171875,5559747.0
INFY.NS,2026-07-07,1040.5999755859375,1087.5,1040.5999755859375,1071.800048828125,1071.800048828125,18866296.0
INFY.NS,2026-07-08,1071.9000244140625,1079.699951171875,1064.4000244140625,1069.300048828125,1069.300048828125,13022221.0
INFY.NS,2026-07-09,1062.699951171875,1062.699951171875,1040.4000244140625,1050.800048828125,1050.800048828125,9003333.0
INFY.NS,2026-07-10,1075.0,1091.300048828125,1064.699951171875,1068.0,1068.0,9747266.0
INFY.NS,2026-07-13,1057.0999755859375,1114.9000244140625,1057.0999755859375,1102.5999755859375,1102.5999755859375,20994760.0
INFY.NS,2026-07-14,1107.800048828125,1113.5,1090.0,1092.9000244140625,1092.9000244140625,14819413.0
INFY.NS,2026-07-15,1079.0,1088.0999755859375,1073.0,1076.300048828125,1076.300048828125,8501933.0
INFY.NS,2026-07-16,1082.5,1097.300048828125,1077.9000244140625,1082.4000244140625,1082.4000244140625,8592146.0
INFY.NS,2026-07-17,1105.0,1116.800048828125,1092.0,1096.5,1096.5,12547728.0
INFY.NS,2026-07-20,1102.0,1103.800048828125,1083.199951171875,1087.0999755859375,1087.0999755859375,6372645.0
INFY.NS,2026-07-21,1080.0,1094.5,1067.199951171875,1073.5,1073.5,9485229.0
INFY.NS,2026-07-22,1064.0,1069.300048828125,1055.0,1056.699951171875,1056.699951171875,2490252.0
INFY.NS,2026-07-23,1046.9000244140625,1058.5,1032.0,1047.4000244140625,1047.4000244140625,13677114.0
INFY.NS,2026-07-24,1028.0,1043.4000244140625,1013.9000244140625,1040.9000244140625,1040.9000244140625,29034749.0
INFY.NS,2026-07-27,1065.0,1082.0,1057.4000244140625,1079.199951171875,1079.199951171875,15950759.0
INFY.NS,2026-07-28,1097.0,1118.5,1097.0,1105.699951171875,1105.699951171875,28100895.0
INFY.NS,2026-07-29,1147.0,1164.5,1128.4000244140625,1155.5999755859375,1155.5999755859375,34398432.0
INFY.NS,2026-07-30,1168.0,1187.699951171875,1151.300048828125,1155.0999755859375,1155.0999755859375,22629097.0
INFY.NS,2026-07-31,1118.9000244140625,1139.300048828125,1107.199951171875,1130.0999755859375,1130.0999755859375,14365562.0
INFY.NS,2026-08-03,1145.0999755859375,1180.0,1138.0999755859375,1180.0,1180.0,8574325.0
INFY.NS,2026-08-04,1168.0,1175.699951171875,1153.300048828125,1167.5,1167.5,9191165.0
INFY.NS,2026-08-05,1174.699951171875,1177.5,1162.300048828125,1174.0,1174.0,9955134.0
INFY.NS,2026-08-06,1174.0999755859375,1185.800048828125,1166.199951171875,1167.4000244140625,1167.4000244140625,4845860.0
INFY.NS,2026-08-07,1160.0,1183.0,1155.5999755859375,1175.0999755859375,1175.0999755859375,7579077.0
INFY.NS,2026-08-10,1178.0999755859375,1195.0,1175.199951171875,1183.0,1183.0,9369157.0
INFY.NS,2026-08-11,1188.0,1193.5,1182.0,1190.699951171875,1190.699951171875,10111858.0
INFY.NS,2026-08-12,1185.5999755859375,1190.4000244140625,1163.300048828125,1176.0999755859375,1176.0999755859375,7526041.0
INFY.NS,2026-08-13,1170.0,1175.0,1157.0,1175.0,1175.0,6146655.0
INFY.NS,2026-08-14,1170.4000244140625,1174.0999755859375,1158.9000244140625,1169.199951171875,1169.199951171875,5842970.0
INFY.NS,2026-08-17,1163.9000244140625,1166.5,1129.699951171875,1139.9000244140625,1139.9000244140625,5813992.0
INFY.NS,2026-08-18,1124.5,1131.9000244140625,1112.5,1115.0,1115.0,8840373.0
INFY.NS,2026-08-19,1125.5999755859375,1134.699951171875,1113.800048828125,1119.800048828125,1119.800048828125,8343299.0
INFY.NS,2026-08-20,1143.0,1144.699951171875,1125.699951171875,1130.0,1130.0,8559206.0
INFY.NS,2026-08-21,1133.0,1133.5,1118.0,1121.0,1121.0,6090905.0
INFY.NS,2026-08-24,1126.5,1144.5,1122.0,1130.0,1130.0,8563565.0
INFY.NS,2026-08-25,1132.0,1144.0,1119.9000244140625,1144.0,1144.0,8066504.0
INFY.NS,2026-08-26,1142.0,1142.0,1118.300048828125,1120.0,1120.0,6314363.0
INFY.NS,2026-08-27,1127.96205453,1137.14621683,1105.99642824,1115.0756662,1115.0756662,
RELIANCE.NS,2025-08-28,1389.9000244140625,1392.199951171875,1366.5,1385.9000244140625,1379.521716169892,13161813.0
RELIANCE.NS,2025-08-29,1381.0999755859375,1403.5,1350.0,1357.199951171875,1350.9537288722488,18758842.0
RELIANCE.NS,2025-09-01,1356.0,1363.199951171875,1340.5999755859375,1353.9000244140625,1347.66898932107,11232238.0
RELIANCE.NS,2025-09-02,1354.800048828125,1384.5,1354.5,1366.5,1360.2109762160917,11517006.0
RELIANCE.NS,2025-09-03,1369.699951171875,1376.5,1360.5,1372.5999755859375,1366.2828779699464,7847563.0
RELIANCE.NS,2025-09-04,1371.800048828125,1374.0,1357.0999755859375,1359.300048828125,1353.0441612785107,13223177.0
RELIANCE.NS,2025-09-05,1363.0,1381.0,1359.300048828125,1375.0,1368.67185678531,5777575.0
RELIANCE.NS,2025-09-08,1380.0,1386.0,1372.4000244140625,1378.5,1372.1557487844,6986720.0
RELIANCE.NS,2025-09-09,1376.5999755859375,1381.199951171875,1368.699951171875,1376.199951171875,1369.866285438737,9754452.0
RELIANCE.NS,2025-09-10,1383.9000244140625,1388.5,1374.0999755859375,1377.0,1370.6626522133613,7790815.0
RELIANCE.NS,2025-09-11,1376.0,1385.5,1375.0,1383.300048828125,1376.933706415127,9766072.0
RELIANCE.NS,2025-09-12,1383.300048828125,1396.300048828125,1380.5,1395.0,1388.5798110658236,7403368.0
RELIANCE.NS,2025-09-15,1393.0,1400.800048828125,1388.5999755859375,1399.300048828125,1392.860069839538,5396697.0
RELIANCE.NS,2025-09-16,1404.699951171875,1408.0,1398.199951171875,1405.300048828125,1398.832456123692,8686961.0
RELIANCE.NS,2025-09-17,1407.0,1416.199951171875,1406.9000244140625,1413.800048828125,1407.2933366929103,7519417.0
RELIANCE.NS,2025-09-18,1420.4000244140625,1422.0,1410.699951171875,1415.0,1408.4877653463373,9332642.0
RELIANCE.NS,2025-09-19,1414.9000244140625,1417.0,1403.5999755859375,1407.4000244140625,1400.922767021444,13461373.0
RELIANCE.NS,2025-09-22,1403.9000244140625,1410.699951171875,1388.0,1390.5999755859375,1384.2000368224085,7757970.0
RELIANCE.NS,2025-09-23,1391.0,1395.0,1376.800048828125,1389.800048828125,1383.403791556294,14014702.0
RELIANCE.NS,2025-09-24,1385.300048828125,1396.0,1380.4000244140625,1383.0,1376.6350384975153,5922759.0
RELIANCE.NS,2025-09-25,1381.300048828125,1384.5,1369.0,1372.4000244140625,1366.0838470305453,11411143.0
RELIANCE.NS,2025-09-26,1372.0,1382.699951171875,1366.0,1377.5999755859375,1371.2598665400747,9879109.0
RELIANCE.NS,2025-09-29,1381.5999755859375,1389.0,1368.0,1372.800048828125,1366.4820304178575,14231999.0
RELIANCE.NS,2025-09-30,1377.0999755859375,1377.0999755859375,1362.800048828125,1364.0,1357.7224819310275,14604684.0
RELIANCE.NS,2025-10-01,1367.0,1378.5999755859375,1362.699951171875,1368.699951171875,1362.4008025835442,12045916.0
RELIANCE.NS,2025-10-02,1372.10588753,1383.84702778,1351.69187111,1363.35815684,1357.0835927168005,
RELIANCE.NS,2025-10-03,1363.199951171875,1371.5999755859375,1356.9000244140625,1363.4000244140625,1357.125267604314,12842347.0
RELIANCE.NS,2025-10-06,1360.0,1377.4000244140625,1359.0,1375.0,1368.67185678531,12396580.0
RELIANCE.NS,2025-10-07,1376.0,1395.9000244140625,1375.9000244140625,1384.800048828125,1378.4268029861657,11244040.0
RELIANCE.NS,2025-10-08,1384.800048828125,1389.0,1364.5,1367.4000244140625,1361.1068584604168,8525081.0
RELIANCE.NS,2025-10-09,1374.0,1380.0,1369.0999755859375,1377.800048828125,1371.459018987986,8826633.0
RELIANCE.NS,2025-10-10,1377.800048828125,1388.0,1375.0999755859375,1381.699951171875,1375.340972865878,6373084.0
RELIANCE.NS,2025-10-13,1376.9000244140625,1377.699951171875,1367.800048828125,1375.0,1368.67185678531,7600682.0
RELIANCE.NS,2025-10-14,1380.0,1388.0,1370.0999755859375,1375.9000244140625,1369.567739029635,9768174.0
RELIANCE.NS,2025-10-15,1383.0,1384.0,1372.699951171875,1374.300048828125,1367.975126988896,10882743.0
RELIANCE.NS,2025-10-16,1375.0999755859375,1400.5,1375.0,1398.300048828125,1391.8646721255122,12315932.0
RELIANCE.NS,2025-10-17,1401.0,1423.300048828125,1399.0999755859375,1416.800048828125,1410.2795298349874,19335561.0
RELIANCE.NS,2025-10-20,1440.0,1473.800048828125,1433.300048828125,1466.800048828125,1460.0494155362715,24721978.0
RELIANCE.NS,2025-10-21,1468.0,1474.0,1460.0,1465.199951171875,1458.4566819870224,2066169.0
RELIANCE.NS,2025-10-22,1457.65793561,1475.16447937,1442.76124716,1460.24138905,1453.5209405860537,
RELIANCE.NS,2025-10-23,1475.0,1482.9000244140625,1444.5999755859375,1448.4000244140625,1441.734073296497,18707090.0
RELIANCE.NS,2025-10-24,1450.0,1459.800048828125,1441.0,1451.5999755859375,1444.919297377975,9700837.0
RELIANCE.NS,2025-10-27,1463.0,1485.0,1458.0,1484.0999755859375,1477.2697230838096,14113867.0
RELIANCE.NS,2025-10-28,1484.0999755859375,1492.0,1477.5999755859375,1486.9000244140625,1480.0568852864856,17631577.0
RELIANCE.NS,2025-10-29,1490.0,1508.300048828125,1488.0999755859375,1504.199951171875,1497.277192834024,11884745.0
RELIANCE.NS,2025-10-30,1500.0,1503.0999755859375,1484.0,1488.5,1481.6494973272247,9318663.0
RELIANCE.NS,2025-10-31,1490.4000244140625,1497.5,1482.300048828125,1486.4000244140625,1479.5591864294727,8758053.0
RELIANCE.NS,2025-11-03,1486.0,1495.0,1479.300048828125,1484.699951171875,1477.8669374105232,8452085.0
RELIANCE.NS,2025-11-04,1483.9000244140625,1492.800048828125,1470.0999755859375,1473.0999755859375,1466.320348229527,10007806.0
RELIANCE.NS,2025-11-05,1486.88747979,1512.8762931,1464.89848957,1490.8290131,1483.9677916429005,
RELIANCE.NS,2025-11-06,1484.0,1501.5999755859375,1476.199951171875,1496.0999755859375,1489.2144956521179,16772678.0
RELIANCE.NS,2025-11-07,1494.5999755859375,1498.4000244140625,1475.9000244140625,1478.0,1471.197821329955,7821765.0
RELIANCE.NS,2025-11-10,1477.9000244140625,1501.0,1475.5,1489.300048828125,1482.445864101849,7068438.0
RELIANCE.NS,2025-11-11,1497.0,1498.800048828125,1480.199951171875,1493.4000244140625,1486.5269704276525,7127506.0
RELIANCE.NS,2025-11-12,1505.0,1524.699951171875,1500.0,1511.5,1504.5436447498153,12384459.0
RELIANCE.NS,2025-11-13,1515.0,1522.0999755859375,1506.800048828125,1510.9000244140625,1503.946430423102,7196443.0
RELIANCE.NS,2025-11-14,1505.5,1520.9000244140625,1505.5,1518.9000244140625,1511.9096121353073,7682823.0
RELIANCE.NS,2025-11-17,1520.9000244140625,1523.699951171875,1511.5,1518.300048828125,1511.312397808594,5871416.0
RELIANCE.NS,2025-11-18,1521.699951171875,1527.800048828125,1510.5,1519.4000244140625,1512.4073109923202,11045042.0
RELIANCE.NS,2025-11-19,1517.4000244140625,1522.300048828125,1512.0,1518.9000244140625,1511.9096121353073,5692366.0
RELIANCE.NS,2025-11-20,1530.0,1550.9000244140625,1526.699951171875,1549.0999755859375,1541.9705744954788,18171724.0
RELIANCE.NS,2025-11-21,1541.0,1557.800048828125,1540.0999755859375,1546.5999755859375,1539.4820802104148,9615271.0
RELIANCE.NS,2025-11-24,1550.0,1550.0,1531.800048828125,1535.9000244140625,1528.8313732737438,18433951.0
RELIANCE.NS,2025-11-25,1535.9000244140625,1559.5999755859375,1525.0999755859375,1539.699951171875,1532.6138116819354,15033482.0
RELIANCE.NS,2025-11-26,1542.300048828125,1571.5999755859375,1540.5,1569.9000244140625,1562.674895550617,14054299.0
RELIANCE.NS,2025-11-27,1575.0,1575.5,1556.0,1563.4000244140625,1556.2048104094501,9794643.0
RELIANCE.NS,2025-11-28,1568.0,1581.300048828125,1563.0,1567.5,1560.2859167352533,8959508.0
RELIANCE.NS,2025-12-01,1575.0,1577.5,1563.5999755859375,1566.0999755859375,1558.8923356339155,8920233.0
RELIANCE.NS,2025-12-02,1561.0999755859375,1567.5,1542.0,1546.300048828125,1539.183533801313,11389150.0
RELIANCE.NS,2025-12-03,1545.199951171875,1552.4000244140625,1533.0,1538.800048828125,1531.7180509461205,6090883.0
RELIANCE.NS,2025-12-04,1536.0,1560.5,1517.5999755859375,1535.5999755859375,1528.5327053561323,11867930.0
RELIANCE.NS,2025-12-05,1530.4000244140625,1545.800048828125,1520.5999755859375,1540.5999755859375,1533.5096939262605,10183266.0
RELIANCE.NS,2025-12-08,1539.199951171875,1551.0,1535.0,1543.0,1535.8986727416243,11301491.0
RELIANCE.NS,2025-12-09,1540.300048828125,1542.5,1520.0999755859375,1529.4000244140625,1522.3612881325769,11503971.0
RELIANCE.NS,2025-12-10,1534.0,1547.5,1531.4000244140625,1536.9000244140625,1529.8267709877696,7991629.0
RELIANCE.NS,2025-12-11,1536.9000244140625,1550.0,1524.0,1545.0,1537.8894681696756,4706197.0
RELIANCE.NS,2025-12-12,1550.800048828125,1559.800048828125,1546.0999755859375,1556.5,1549.3365418809708,5106655.0
RELIANCE.NS,2025-12-15,1551.199951171875,1558.5999755859375,1546.5,1556.199951171875,1549.0378739633593,5774543.0
RELIANCE.NS,2025-12-16,1545.0,1551.699951171875,1538.800048828125,1542.300048828125,1535.2019429452102,11731856.0
RELIANCE.NS,2025-12-17,1550.0,1550.0,1539.300048828125,1544.4000244140625,1537.2922538429623,7116649.0
RELIANCE.NS,2025-12-18,1535.199951171875,1551.5,1535.199951171875,1544.4000244140625,1537.2922538429623,6580829.0
RELIANCE.NS,2025-12-19,1554.4000244140625,1574.199951171875,1551.0,1565.0999755859375,1557.8969379198898,13937275.0
RELIANCE.NS,2025-12-22,1573.5,1577.5,1565.300048828125,1575.4000244140625,1568.1495829777582,10184852.0
RELIANCE.NS,2025-12-23,1580.9000244140625,1580.9000244140625,1568.0999755859375,1570.699951171875,1563.4711408167316,7506564.0
RELIANCE.NS,2025-12-24,1572.699951171875,1575.699951171875,1553.5999755859375,1558.199951171875,1551.0286693914106,8815745.0
RELIANCE.NS,2025-12-25,1567.93244359,1573.79705318,1553.40247886,1559.23455534,1552.0585120152837,
RELIANCE.NS,2025-12-26,1554.699951171875,1561.0,1554.300048828125,1559.199951171875,1552.0240671054362,2311495.0
RELIANCE.NS,2025-12-29,1554.9000244140625,1558.0999755859375,1543.5999755859375,1545.5999755859375,1538.486682496389,5972105.0
RELIANCE.NS,2025-12-30,1547.0,1553.5999755859375,1537.800048828125,1539.800048828125,1532.713448660146,8815884.0
RELIANCE.NS,2025-12-31,1541.0,1577.0,1541.0,1570.4000244140625,1563.17259440763,5771830.0
RELIANCE.NS,2026-01-01,1573.699951171875,1592.5,1571.0999755859375,1575.5999755859375,1568.3486139171594,6408128.0
RELIANCE.NS,2026-01-02,1580.0,1594.5999755859375,1578.199951171875,1592.300048828125,1584.9718286464943,6602230.0
RELIANCE.NS,2026-01-05,1593.0,1611.800048828125,1575.300048828125,1578.0999755859375,1570.8371082022236,8704973.0
RELIANCE.NS,2026-01-06,1569.0,1569.0,1496.300048828125,1507.5999755859375,1500.6615693634133,27417125.0
RELIANCE.NS,2026-01-07,1510.0,1520.0,1498.0,1504.199951171875,1497.277192834024,11199340.0
RELIANCE.NS,2026-01-08,1500.0,1503.9000244140625,1468.800048828125,1470.5999755859375,1463.831853944463,16518684.0
RELIANCE.NS,2026-01-09,1465.0,1479.9000244140625,1465.0,1475.300048828125,1468.5102961054897,8335311.0
RELIANCE.NS,2026-01-12,1475.300048828125,1485.300048828125,1451.0,1483.199951171875,1476.3738408394845,8883745.0
RELIANCE.NS,2026-01-13,1485.0,1485.800048828125,1444.699951171875,1452.800048828125,1446.1138475399118,13499760.0
RELIANCE.NS,2026-01-14,1444.0,1467.0,1440.199951171875,1458.800048828125,1452.086233824066,8321764.0
RELIANCE.NS,2026-01-15,1458.800048828125,1458.800048828125,1458.800048828125,1458.800048828125,1452.086233824066,0.0
RELIANCE.NS,2026-01-16,1458.800048828125,1480.0,1455.0999755859375,1457.9000244140625,1451.1903515797408,17167161.0
RELIANCE.NS,2026-01-19,1450.5999755859375,1450.5999755859375,1403.300048828125,1413.5999755859375,1407.0941842449993,20392765.0
RELIANCE.NS,2026-01-20,1410.699951171875,1416.0,1390.0,1394.0,1387.5844133517978,13189498.0
RELIANCE.NS,2026-01-21,1389.5,1412.9000244140625,1373.0,1404.5999755859375,1398.1356048187681,17352720.0
RELIANCE.NS,2026-01-22,1410.0999755859375,1419.5,1395.0,1402.5,1396.045293921016,15721693.0
RELIANCE.NS,2026-01-23,1401.800048828125,1407.0,1381.0,1386.0999755859375,1379.7207471092931,9837802.0
RELIANCE.NS,2026-01-26,1384.35735154,1392.8283965,1380.39377263,1388.85194902,1382.4600551746182,
RELIANCE.NS,2026-01-27,1380.0,1391.5999755859375,1368.0,1380.5,1374.1465442124513,26302396.0
RELIANCE.NS,2026-01-28,1385.0,1409.9000244140625,1384.9000244140625,1396.699951171875,1390.2719385762632,11121657.0
RELIANCE.NS,2026-01-29,1402.9000244140625,1402.9000244140625,1384.0,1391.0,1384.598220209721,20846683.0
RELIANCE.NS,2026-01-30,1382.5999755859375,1398.0,1378.5,1395.4000244140625,1388.9779944531358,11239835.0
RELIANCE.NS,2026-02-02,1340.0,1392.9000244140625,1335.5,1390.4000244140625,1384.0010058830076,15711165.0
RELIANCE.NS,2026-02-03,1473.9000244140625,1489.5,1430.199951171875,1437.0999755859375,1430.4860305246027,25456171.0
RELIANCE.NS,2026-02-04,1444.0,1464.0,1440.300048828125,1456.800048828125,1450.0954383960145,8333387.0
RELIANCE.NS,2026-02-05,1457.0,1461.5,1439.5,1443.4000244140625,1436.7570847263685,11763658.0
RELIANCE.NS,2026-02-06,1441.5,1452.800048828125,1433.5,1450.800048828125,1444.1230521118605,8277304.0
RELIANCE.NS,2026-02-09,1458.0,1465.9000244140625,1453.0,1461.5999755859375,1454.873274518232,5775864.0
RELIANCE.NS,2026-02-10,1471.0,1471.0,1452.199951171875,1458.5,1451.7875659064543,10259630.0
RELIANCE.NS,2026-02-11,1459.5999755859375,1470.0,1453.5999755859375,1468.699951171875,1461.9405739861122,7106877.0
RELIANCE.NS,2026-02-12,1470.0,1473.0,1445.5,1448.9000244140625,1442.2317721535098,11135399.0
RELIANCE.NS,2026-02-13,1445.5,1450.699951171875,1416.300048828125,1419.5999755859375,1413.0665705291533,10755693.0
RELIANCE.NS,2026-02-16,1420.0999755859375,1439.5999755859375,1409.300048828125,1437.0999755859375,1430.4860305246027,5896514.0
RELIANCE.NS,2026-02-17,1431.0999755859375,1431.800048828125,1418.5999755859375,1423.0,1416.4509470585426,10731630.0
RELIANCE.NS,2026-02-18,1427.0,1442.0999755859375,1419.199951171875,1441.300048828125,1434.6667738286167,5521096.0
RELIANCE.NS,2026-02-19,1443.0,1443.0,1400.0,1409.5,1403.013077919196,11884664.0
RELIANCE.NS,2026-02-20,1409.5,1427.4000244140625,1406.0999755859375,1419.4000244140625,1412.8675395897521,8177670.0
RELIANCE.NS,2026-02-23,1425.0,1434.9000244140625,1418.300048828125,1428.0,1421.427935628671,7758856.0
RELIANCE.NS,2026-02-24,1425.300048828125,1433.300048828125,1415.0,1428.800048828125,1422.2243024032955,12529409.0
RELIANCE.NS,2026-02-25,1435.0,1440.5,1393.5,1398.5,1392.0637030649134,10728792.0
RELIANCE.NS,2026-02-26,1398.5,1412.9000244140625,1391.9000244140625,1406.800048828125,1400.3255526947305,16683858.0
RELIANCE.NS,2026-02-27,1398.0,1410.4000244140625,1388.0999755859375,1393.9000244140625,1387.4848978820974,12031440.0
RELIANCE.NS,2026-03-02,1375.5,1378.5999755859375,1341.5,1358.0,1351.7500956468734,23728722.0
RELIANCE.NS,2026-03-03,1355.0409475,1362.49632064,1343.71916107,1351.15314369,1344.934750527637,
RELIANCE.NS,2026-03-04,1330.0,1352.800048828125,1307.0,1345.0,1338.8099253645396,32495007.0
RELIANCE.NS,2026-03-05,1353.0999755859375,1399.0,1353.0999755859375,1389.4000244140625,1383.0056081689818,25957532.0
RELIANCE.NS,2026-03-06,1396.5,1424.300048828125,1390.300048828125,1404.800048828125,1398.3347572666792,19311971.0
RELIANCE.NS,2026-03-09,1375.0,1429.4000244140625,1370.0,1424.0,1417.4463447725684,24870822.0
RELIANCE.NS,2026-03-10,1430.5999755859375,1431.5,1400.5999755859375,1408.800048828125,1402.316348122782,18071259.0
RELIANCE.NS,2026-03-11,1424.9000244140625,1434.0,1383.5999755859375,1390.199951171875,1383.8018534350963,21848087.0
RELIANCE.NS,2026-03-12,1390.0,1410.9000244140625,1381.0999755859375,1392.199951171875,1385.7926488631476,20939959.0
RELIANCE.NS,2026-03-13,1385.199951171875,1400.800048828125,1378.4000244140625,1380.699951171875,1374.3455751518525,17265090.0
RELIANCE.NS,2026-03-16,1380.0,1397.300048828125,1363.5,1395.0999755859375,1388.679326535524,22837802.0
RELIANCE.NS,2026-03-17,1399.0,1405.9000244140625,1388.199951171875,1397.5999755859375,1391.1678208205883,19007744.0
RELIANCE.NS,2026-03-18,1397.199951171875,1412.9000244140625,1397.199951171875,1408.0999755859375,1401.619496817858,9559327.0
RELIANCE.NS,2026-03-19,1388.0,1415.699951171875,1376.0999755859375,1384.800048828125,1378.4268029861657,16498373.0
RELIANCE.NS,2026-03-20,1398.0,1430.0,1396.0999755859375,1414.4000244140625,1407.8905510196237,22994918.0
RELIANCE.NS,2026-03-23,1400.0,1415.5999755859375,1391.0,1407.800048828125,1401.3209504087563,18979554.0
RELIANCE.NS,2026-03-24,1420.0,1422.4000244140625,1406.5999755859375,1411.800048828125,1405.302541264859,18620893.0
RELIANCE.NS,2026-03-25,1420.0,1430.5,1408.4000244140625,1413.0999755859375,1406.5964853879864,19041331.0
RELIANCE.NS,2026-03-26,1425.35617564,1435.23306519,1401.0895492,1410.86603046,1404.3728215163694,
RELIANCE.NS,2026-03-27,1401.0,1404.699951171875,1345.0,1348.0999755859375,1341.8956339763172,23266517.0
RELIANCE.NS,2026-03-30,1335.0,1365.0,1334.0999755859375,1343.9000244140625,1337.7150121808133,24393861.0
RELIANCE.NS,2026-03-31,1344.43704847,1357.23557205,1335.44344577,1348.2166855,1342.0118067579792,
RELIANCE.NS,2026-04-01,1384.199951171875,1384.4000244140625,1362.9000244140625,1369.199951171875,1362.898501440557,14404619.0
RELIANCE.NS,2026-04-02,1357.0,1358.199951171875,1328.0,1350.5,1344.2846127916807,21280051.0
RELIANCE.NS,2026-04-03,1343.63516959,1375.26817895,1329.17820459,1360.62837402,1354.3663731379859,
RELIANCE.NS,2026-04-06,1359.0,1359.0,1290.0,1304.699951171875,1298.6953488859008,29274881.0
RELIANCE.NS,2026-04-07,1295.0,1308.300048828125,1291.0,1304.5999755859375,1298.5958334162,28388922.0
RELIANCE.NS,2026-04-08,1349.0,1350.5999755859375,1326.199951171875,1347.800048828125,1341.5970875672156,21817543.0
RELIANCE.NS,2026-04-09,1346.0,1350.0,1326.300048828125,1330.0,1323.8789596541544,20725390.0
RELIANCE.NS,2026-04-10,1337.0,1352.300048828125,1331.5,1350.199951171875,1343.9859448740692,19364461.0
RELIANCE.NS,2026-04-13,1321.199951171875,1327.5999755859375,1310.0,1315.0999755859375,1309.0475094134697,28753269.0
RELIANCE.NS,2026-04-14,1318.52231881,1322.24909378,1307.0697375,1310.77461375,1304.7420541296437,
RELIANCE.NS,2026-04-15,1337.0,1347.0,1334.199951171875,1344.0999755859375,1337.9140431202145,15313779.0
RELIANCE.NS,2026-04-16,1352.0,1353.800048828125,1330.0,1343.300048828125,1337.1177978541,30211012.0
RELIANCE.NS,2026-04-17,1340.0,1368.4000244140625,1340.0,1365.0,1358.7178796450532,13869105.0
RELIANCE.NS,2026-04-20,1363.199951171875,1373.0,1352.800048828125,1363.300048828125,1357.0257521346136,13614733.0
RELIANCE.NS,2026-04-21,1359.0,1369.800048828125,1350.0999755859375,1353.300048828125,1347.0717749943567,27293629.0
RELIANCE.NS,2026-04-22,1350.300048828125,1366.0,1349.0999755859375,1362.0999755859375,1355.8312019726768,9525953.0
RELIANCE.NS,2026-04-23,1346.0,1355.5,1340.699951171875,1343.4000244140625,1337.2173133238005,16385079.0
RELIANCE.NS,2026-04-24,1340.0,1345.9000244140625,1325.0,1327.800048828125,1321.689133286702,11744802.0
RELIANCE.NS,2026-04-27,1313.0,1371.5999755859375,1311.0,1365.800048828125,1359.5142464196776,24673098.0
RELIANCE.NS,2026-04-28,1358.0,1395.199951171875,1357.0,1388.9000244140625,1382.507909311969,41027699.0
RELIANCE.NS,2026-04-29,1392.0,1433.800048828125,1391.300048828125,1425.4000244140625,1418.8399258739062,30542143.0
RELIANCE.NS,2026-04-30,1409.0,1437.0,1393.0999755859375,1430.800048828125,1424.2150978313468,30957881.0
RELIANCE.NS,2026-05-01,1430.800048828125,1430.800048828125,1430.800048828125,1430.800048828125,1424.2150978313468,0.0
RELIANCE.NS,2026-05-04,1433.4000244140625,1467.4000244140625,1433.4000244140625,1463.0999755859375,1456.3663710892704,24035700.0
RELIANCE.NS,2026-05-05,1460.0,1473.4000244140625,1450.0,1463.5999755859375,1456.8640699462833,23543341.0
RELIANCE.NS,2026-05-06,1463.0,1473.300048828125,1427.5,1437.9000244140625,1431.2823972992273,14221786.0
RELIANCE.NS,2026-05-07,1438.800048828125,1449.5,1430.300048828125,1436.199951171875,1429.5901482802776,19816903.0
RELIANCE.NS,2026-05-08,1426.0,1442.800048828125,1417.5,1435.199951171875,1428.5947505662518,8663105.0
RELIANCE.NS,2026-05-11,1420.0,1428.0,1382.0,1388.199951171875,1381.811058007045,15261787.0
RELIANCE.NS,2026-05-12,1392.0,1393.5,1360.300048828125,1364.0,1357.7224819310275,24357500.0
RELIANCE.NS,2026-05-13,1361.4000244140625,1372.4000244140625,1352.4000244140625,1358.800048828125,1352.546462421498,13797989.0
RELIANCE.NS,2026-05-14,1365.199951171875,1378.0,1358.4000244140625,1361.800048828125,1355.532655563575,17303059.0
RELIANCE.NS,2026-05-15,1356.800048828125,1364.800048828125,1329.199951171875,1336.4000244140625,1330.2495293256206,19976192.0
RELIANCE.NS,2026-05-18,1334.0,1342.0,1318.699951171875,1335.9000244140625,1329.751830468608,13022473.0
RELIANCE.NS,2026-05-19,1338.699951171875,1344.0,1318.4000244140625,1322.699951171875,1316.6125077383629,21665501.0
RELIANCE.NS,2026-05-20,1318.699951171875,1362.9000244140625,1312.5999755859375,1359.699951171875,1353.442223157313,13248515.0
RELIANCE.NS,2026-05-21,1367.199951171875,1370.9000244140625,1345.199951171875,1349.5999755859375,1343.3887305473556,17150630.0
RELIANCE.NS,2026-05-22,1350.0,1367.4000244140625,1349.0999755859375,1354.5,1348.2662036477836,7105813.0
RELIANCE.NS,2026-05-25,1366.800048828125,1371.0999755859375,1357.0,1367.0,1360.7086750731046,6750071.0
RELIANCE.NS,2026-05-26,1360.0999755859375,1368.5,1352.4000244140625,1356.300048828125,1350.0579681364338,13769747.0
RELIANCE.NS,2026-05-27,1353.0,1361.0,1348.5999755859375,1350.5,1344.2846127916807,13215138.0
RELIANCE.NS,2026-05-28,1350.5,1350.5,1350.5,1350.5,1344.2846127916807,0.0
RELIANCE.NS,2026-05-29,1364.0,1369.0,1317.0,1321.199951171875,1315.1194111673244,42634247.0
RELIANCE.NS,2026-06-01,1332.5,1335.5,1318.5,1320.0,1313.9249825138975,10700603.0
RELIANCE.NS,2026-06-02,1307.699951171875,1327.800048828125,1300.300048828125,1314.5999755859375,1308.5498105564568,23302785.0
RELIANCE.NS,2026-06-03,1315.0,1324.0,1301.0,1313.199951171875,1307.156229455119,20012293.0
RELIANCE.NS,2026-06-04,1301.0,1311.199951171875,1293.0999755859375,1303.699951171875,1297.699951171875,23474327.0
RELIANCE.NS,2026-06-05,1304.5,1306.0,1288.0,1291.0,1291.0,17785223.0
RELIANCE.NS,2026-06-08,1277.0,1282.5999755859375,1259.199951171875,1263.300048828125,1263.300048828125,16494759.0
RELIANCE.NS,2026-06-09,1269.0,1274.199951171875,1257.5,1269.199951171875,1269.199951171875,23620214.0
RELIANCE.NS,2026-06-10,1275.0,1300.5,1254.4000244140625,1258.800048828125,1258.800048828125,21012796.0
RELIANCE.NS,2026-06-11,1258.0,1276.0,1253.199951171875,1263.0,1263.0,13117486.0
RELIANCE.NS,2026-06-12,1277.0,1297.0,1262.5,1293.0,1293.0,11988785.0
RELIANCE.NS,2026-06-15,1315.300048828125,1325.0,1303.300048828125,1307.0,1307.0,18633321.0
RELIANCE.NS,2026-06-16,1313.4000244140625,1333.4000244140625,1306.4000244140625,1328.800048828125,1328.800048828125,18513223.0
RELIANCE.NS,2026-06-17,1333.0,1334.0,1317.0,1332.699951171875,1332.699951171875,10029170.0
RELIANCE.NS,2026-06-18,1330.0,1333.9000244140625,1322.0,1328.0999755859375,1328.0999755859375,15494549.0
RELIANCE.NS,2026-06-19,1328.0,1338.199951171875,1305.300048828125,1309.5,1309.5,24887034.0
RELIANCE.NS,2026-06-22,1316.699951171875,1344.9000244140625,1314.0999755859375,1326.5,1326.5,12931213.0
RELIANCE.NS,2026-06-23,1328.9000244140625,1333.0,1304.0,1309.5,1309.5,15400184.0
RELIANCE.NS,2026-06-24,1305.699951171875,1322.0,1297.5,1313.5999755859375,1313.5999755859375,11030917.0
RELIANCE.NS,2026-06-25,1318.0,1328.0,1314.5999755859375,1318.0999755859375,1318.0999755859375,12694362.0
RELIANCE.NS,2026-06-26,1318.0999755859375,1318.0999755859375,1318.0999755859375,1318.0999755859375,1318.0999755859375,0.0
RELIANCE.NS,2026-06-29,1308.0,1313.699951171875,1292.5999755859375,1301.0,1301.0,13757656.0
RELIANCE.NS,2026-06-30,1306.9000244140625,1306.9000244140625,1290.0,1293.9000244140625,1293.9000244140625,15695263.0
RELIANCE.NS,2026-07-01,1298.9000244140625,1312.199951171875,1296.5,1308.0,1308.0,7001401.0
RELIANCE.NS,2026-07-02,1310.0,1313.199951171875,1299.0,1303.5,1303.5,17795024.0
RELIANCE.NS,2026-07-03,1312.0,1312.0,1302.0,1304.0,1304.0,7839550.0
RELIANCE.NS,2026-07-06,1304.0,1325.5999755859375,1299.4000244140625,1321.300048828125,1321.300048828125,7610709.0
RELIANCE.NS,2026-07-07,1323.5,1328.0,1304.0999755859375,1308.4000244140625,1308.4000244140625,14335554.0
RELIANCE.NS,2026-07-08,1297.0,1302.300048828125,1271.5999755859375,1275.9000244140625,1275.9000244140625,19960868.0
RELIANCE.NS,2026-07-09,1277.0999755859375,1296.5,1274.199951171875,1279.800048828125,1279.800048828125,14651963.0
RELIANCE.NS,2026-07-10,1291.9000244140625,1311.0999755859375,1287.800048828125,1307.800048828125,1307.800048828125,8412537.0
RELIANCE.NS,2026-07-13,1300.0,1306.4000244140625,1295.0,1296.9000244140625,1296.9000244140625,9488352.0
RELIANCE.NS,2026-07-14,1290.0,1308.0,1286.9000244140625,1293.0,1293.0,13511284.0
RELIANCE.NS,2026-07-15,1294.0999755859375,1310.9000244140625,1294.0999755859375,1295.5,1295.5,9577965.0
RELIANCE.NS,2026-07-16,1295.5,1309.4000244140625,1291.800048828125,1296.5999755859375,1296.5999755859375,15631046.0
RELIANCE.NS,2026-07-17,1300.0,1330.300048828125,1296.0999755859375,1327.199951171875,1327.199951171875,18302218.0
RELIANCE.NS,2026-07-20,1317.199951171875,1345.9000244140625,1314.9000244140625,1323.0999755859375,1323.0999755859375,14305844.0
RELIANCE.NS,2026-07-21,1321.0,1326.9000244140625,1302.699951171875,1303.699951171875,1303.699951171875,12753410.0
RELIANCE.NS,2026-07-22,1302.0,1304.5999755859375,1287.0999755859375,1289.0,1289.0,4890214.0
RELIANCE.NS,2026-07-23,1283.0,1287.300048828125,1268.0,1272.199951171875,1272.199951171875,12566973.0
RELIANCE.NS,2026-07-24,1265.0,1283.4000244140625,1249.800048828125,1278.0,1278.0,9816224.0
RELIANCE.NS,2026-07-27,1288.199951171875,1288.699951171875,1278.0,1280.0,1280.0,7162132.0
RELIANCE.NS,2026-07-28,1275.0,1279.199951171875,1265.9000244140625,1267.699951171875,1267.699951171875,9312184.0
RELIANCE.NS,2026-07-29,1275.0,1282.4000244140625,1268.699951171875,1275.9000244140625,1275.9000244140625,9447905.0
RELIANCE.NS,2026-07-30,1279.800048828125,1297.0,1275.300048828125,1292.9000244140625,1292.9000244140625,12115075.0
RELIANCE.NS,2026-07-31,1295.0,1309.699951171875,1293.5999755859375,1307.800048828125,1307.800048828125,8622452.0
RELIANCE.NS,2026-08-03,1315.199951171875,1319.0,1306.0,1319.0,1319.0,7481124.0
RELIANCE.NS,2026-08-04,1315.0,1315.0,1286.4000244140625,1290.9000244140625,1290.9000244140625,10590603.0
RELIANCE.NS,2026-08-05,1293.0,1299.0,1270.0999755859375,1280.0,1280.0,24813341.0
RELIANCE.NS,2026-08-06,1285.0,1325.199951171875,1281.199951171875,1322.4000244140625,1322.4000244140625,13442721.0
RELIANCE.NS,2026-08-07,1320.0,1337.0,1316.5999755859375,1334.800048828125,1334.800048828125,9880895.0
RELIANCE.NS,2026-08-10,1330.0999755859375,1332.9000244140625,1321.300048828125,1327.300048828125,1327.300048828125,8203471.0
RELIANCE.NS,2026-08-11,1326.5999755859375,1328.699951171875,1314.0999755859375,1323.9000244140625,1323.9000244140625,9709391.0
RELIANCE.NS,2026-08-12,1323.9000244140625,1329.0,1309.199951171875,1329.0,1329.0,7864387.0
RELIANCE.NS,2026-08-13,1327.800048828125,1327.800048828125,1307.199951171875,1317.0,1317.0,9333370.0
RELIANCE.NS,2026-08-14,1317.0,1317.5,1301.5,1310.0,1310.0,10492367.0
RELIANCE.NS,2026-08-17,1314.0,1320.800048828125,1298.0999755859375,1316.0,1316.0,13377749.0
RELIANCE.NS,2026-08-18,1314.0,1328.5999755859375,1311.199951171875,1322.0,1322.0,9954054.0
RELIANCE.NS,2026-08-19,1320.300048828125,1321.5999755859375,1303.5,1311.0,1311.0,7484912.0
RELIANCE.NS,2026-08-20,1315.5,1316.5,1307.0,1313.199951171875,1313.199951171875,5527195.0
RELIANCE.NS,2026-08-21,1314.0,1316.0,1308.0,1316.0,1316.0,5433825.0
RELIANCE.NS,2026-08-24,1316.5999755859375,1320.0,1302.4000244140625,1309.800048828125,1309.800048828125,7263024.0
RELIANCE.NS,2026-08-25,1304.300048828125,1317.0999755859375,1300.0,1317.0,1317.0,7100252.0
RELIANCE.NS,2026-08-26,1310.0,1315.5999755859375,1298.0,1298.0,1298.0,5735384.0
RELIANCE.NS,2026-08-27,1292.25840063,1316.79206808,1286.96263043,1311.41778132,1311.41778132,
HDFCBANK.NS,2025-08-28,967.0,972.2000122070312,955.0,957.7999877929688,942.2162583295037,25438255.0
HDFCBANK.NS,2025-08-29,954.0,963.2999877929688,950.0999755859375,951.5999755859375,936.1171224162039,14823813.0
HDFCBANK.NS,2025-09-01,949.5999755859375,957.4500122070312,946.3499755859375,950.5999755859375,935.1333927541262,20178344.0
HDFCBANK.NS,2025-09-02,951.0,954.7999877929688,944.0,944.5,929.1326658322904,14196320.0
HDFCBANK.NS,2025-09-03,945.0,956.2999877929688,940.0,954.4500122070312,938.9207879783811,16083481.0
HDFCBANK.NS,2025-09-04,960.2000122070312,965.7000122070312,956.25,961.25,945.6101376720901,17597657.0
HDFCBANK.NS,2025-09-05,967.5,967.5,954.0499877929688,963.4000244140625,947.7251804623944,11602111.0
HDFCBANK.NS,2025-09-08,969.0,973.1500244140625,960.4500122070312,966.0,950.2828535669587,11711307.0
HDFCBANK.NS,2025-09-09,974.0,974.4000244140625,962.7000122070312,965.1500244140625,949.4467073710302,13985539.0
HDFCBANK.NS,2025-09-10,973.9000244140625,973.9000244140625,961.7000122070312,965.9000244140625,950.1845046175883,18091100.0
HDFCBANK.NS,2025-09-11,960.2999877929688,969.25,959.9000244140625,967.7999877929688,952.0535549502797,15113633.0
HDFCBANK.NS,2025-09-12,969.9000244140625,970.75,962.25,967.2999877929688,951.5616901192409,14363519.0
HDFCBANK.NS,2025-09-15,969.5999755859375,972.3499755859375,965.0,967.0499877929688,951.3157577037215,14486377.0
HDFCBANK.NS,2025-09-16,961.2000122070312,969.3499755859375,961.2000122070312,966.8499755859375,951.1189997628873,18661794.0
HDFCBANK.NS,2025-09-17,965.1500244140625,974.4000244140625,964.3499755859375,966.5,950.7747183979975,17361476.0
HDFCBANK.NS,2025-09-18,973.2999877929688,979.6500244140625,969.25,976.9000244140625,961.005530900442,17791598.0
HDFCBANK.NS,2025-09-19,974.9000244140625,976.7000122070312,962.0999755859375,966.9000244140625,951.168234279666,31243267.0
HDFCBANK.NS,2025-09-22,964.0,971.2000122070312,961.9500122070312,964.2000122070312,948.5121521836377,10854415.0
HDFCBANK.NS,2025-09-23,967.0,968.2000122070312,955.5,957.2000122070312,941.6260445490946,21022298.0
HDFCBANK.NS,2025-09-24,952.2000122070312,956.4500122070312,943.0,951.0499877929688,935.57608311048,15117220.0
HDFCBANK.NS,2025-09-25,952.5,958.0,947.4000244140625,949.8499755859375,934.395595507568,31413279.0
HDFCBANK.NS,2025-09-26,945.0999755859375,951.4500122070312,941.2999877929688,945.0499877929688,929.6737051380144,14874656.0
HDFCBANK.NS,2025-09-29,946.0499877929688,956.7999877929688,939.0999755859375,950.2999877929688,934.8382858639218,32398179.0
HDFCBANK.NS,2025-09-30,958.0499877929688,960.0,946.2999877929688,951.0,935.5269086357947,28296687.0
HDFCBANK.NS,2025-10-01,952.7000122070312,969.5999755859375,946.0,965.25,949.5450563204005,25350832.0
HDFCBANK.NS,2025-10-02,967.26924367,977.79351974,944.44333852,954.83229563,939.2968515208761,
HDFCBANK.NS,2025-10-03,952.0,966.75,952.0,965.1500244140625,949.4467073710302,26658296.0
HDFCBANK.NS,2025-10-06,971.9000244140625,977.4000244140625,962.0,973.4500122070312,957.6116515578555,18542683.0
HDFCBANK.NS,2025-10-07,974.0,989.8499755859375,971.0,982.5,966.514392991239,25535736.0
HDFCBANK.NS,2025-10-08,976.0,985.9000244140625,974.5499877929688,978.7000122070312,962.7762322837629,15939710.0
HDFCBANK.NS,2025-10-09,974.5,979.0,970.1500244140625,977.0999755859375,961.2022287991825,15370950.0
HDFCBANK.NS,2025-10-10,979.0,986.2000122070312,978.0999755859375,980.9000244140625,964.9404495487523,13757080.0
HDFCBANK.NS,2025-10-13,974.2999877929688,981.0,972.0,977.0,961.1038798498123,18634254.0
HDFCBANK.NS,2025-10-14,970.0,980.4500122070312,967.0,977.1500244140625,961.2514633159614,22934382.0
HDFCBANK.NS,2025-10-15,975.0,984.9000244140625,973.3499755859375,978.25,962.3335419274092,23310447.0
HDFCBANK.NS,2025-10-16,982.6500244140625,996.5999755859375,981.5,994.3499755859375,978.1715654700212,22936566.0
HDFCBANK.NS,2025-10-17,993.9500122070312,1009.0,986.0,1002.5499877929688,986.2381607074761,25210511.0
HDFCBANK.NS,2025-10-20,997.0,1020.0,997.0,1002.9500122070312,986.6316765891446,22195202.0
HDFCBANK.NS,2025-10-21,1006.0,1010.0,1004.0,1007.7000122070312,991.3043924840132,3471600.0
HDFCBANK.NS,2025-10-22,1018.20660003,1027.89815326,1008.89452767,1018.58264179,1002.0099580061827,
HDFCBANK.NS,2025-10-23,1016.0,1020.5,1006.0,1008.7999877929688,992.3864710954612,43526526.0
HDFCBANK.NS,2025-10-24,1011.0,1011.9500122070312,991.2999877929688,994.75,978.5650813516896,17707768.0
HDFCBANK.NS,2025-10-27,996.5,1009.0499877929688,996.2000122070312,1002.9500122070312,986.6316765891446,15700796.0
HDFCBANK.NS,2025-10-28,997.6500244140625,1008.0,995.0,1003.5499877929688,987.2218903695538,33904289.0
HDFCBANK.NS,2025-10-29,1004.9000244140625,1012.5,1000.0,1007.8499755859375,991.4519159080687,17769445.0
HDFCBANK.NS,2025-10-30,1000.0,1009.5,997.0999755859375,998.1500244140625,981.9097862195908,19962917.0
HDFCBANK.NS,2025-10-31,994.0,1004.4500122070312,981.1500244140625,987.2999877929688,971.2362833607929,23221330.0
HDFCBANK.NS,2025-11-03,985.0,994.5499877929688,983.2999877929688,992.6500244140625,976.4992730781642,16607180.0
HDFCBANK.NS,2025-11-04,987.0,997.0,983.7000122070312,985.25,969.2196495619525,20024544.0
HDFCBANK.NS,2025-11-05,985.74988295,991.47087493,951.66104571,957.21643827,941.642203354468,
HDFCBANK.NS,2025-11-06,981.0,991.0499877929688,974.0,984.6500244140625,968.6294357815433,22279516.0
HDFCBANK.NS,2025-11-07,980.0,984.9000244140625,974.75,982.2999877929688,966.3176350504049,15004568.0
HDFCBANK.NS,2025-11-10,982.2999877929688,990.9500122070312,980.2000122070312,984.5,968.4818523153942,15988262.0
HDFCBANK.NS,2025-11-11,983.5,993.5,978.0,991.7000122070312,975.5647178907716,10200530.0
HDFCBANK.NS,2025-11-12,998.7999877929688,999.0,987.7000122070312,989.5,973.4005006257822,13137263.0
HDFCBANK.NS,2025-11-13,984.0,990.0999755859375,982.5999755859375,986.6500244140625,970.5968951056985,14124839.0
HDFCBANK.NS,2025-11-14,976.0499877929688,991.6500244140625,976.0499877929688,989.5999755859375,973.4988495751526,21386965.0
HDFCBANK.NS,2025-11-17,991.25,997.9500122070312,985.5999755859375,996.5499877929688,980.3357827350106,18396408.0
HDFCBANK.NS,2025-11-18,997.6500244140625,999.0,990.0,992.4500122070312,976.3025151373298,20002640.0
HDFCBANK.NS,2025-11-19,990.0,996.5499877929688,984.0,994.5999755859375,978.4174978855406,19813847.0
HDFCBANK.NS,2025-11-20,995.2999877929688,1011.5999755859375,992.4500122070312,1008.8499755859375,992.4356455701462,19850865.0
HDFCBANK.NS,2025-11-21,1003.0999755859375,1008.2999877929688,996.5499877929688,998.0499877929688,981.811377228127,17499897.0
HDFCBANK.NS,2025-11-24,1000.0,1011.4500122070312,993.5999755859375,999.1500244140625,982.8935158816685,32204053.0
HDFCBANK.NS,2025-11-25,1004.0,1006.0999755859375,988.4000244140625,989.7999877929688,973.6956075159868,24989383.0
HDFCBANK.NS,2025-11-26,981.2999877929688,1006.9500122070312,981.2999877929688,1003.9000244140625,987.566231776537,19494356.0
HDFCBANK.NS,2025-11-27,1002.0999755859375,1016.7999877929688,1001.0,1009.5,993.0750938673342,25536848.0
HDFCBANK.NS,2025-11-28,1007.0,1012.0499877929688,1004.2000122070312,1007.5999755859375,991.2059834925493,15988807.0
HDFCBANK.NS,2025-12-01,1017.5,1017.5,999.2999877929688,1002.0999755859375,985.7954703511225,16746566.0
HDFCBANK.NS,2025-12-02,988.0,994.4000244140625,985.0,989.7999877929688,973.6956075159868,27316662.0
HDFCBANK.NS,2025-12-03,986.0,1002.2999877929688,986.0,1000.5,984.2215269086358,15448777.0
HDFCBANK.NS,2025-12-04,1000.0,1004.7000122070312,993.0,997.2000122070312,980.9752310321984,14528169.0
HDFCBANK.NS,2025-12-05,992.0,1008.0,990.2000122070312,1003.2999877929688,986.9759579540344,12843366.0
HDFCBANK.NS,2025-12-08,1000.0,1006.5,997.5,1003.0999755859375,986.7792000132001,12901022.0
HDFCBANK.NS,2025-12-09,994.9000244140625,1002.7999877929688,994.0,997.0999755859375,980.8768220407345,15294322.0
HDFCBANK.NS,2025-12-10,997.5,998.5,985.2999877929688,989.7999877929688,973.6956075159868,15322830.0
HDFCBANK.NS,2025-12-11,990.0,1002.7000122070312,988.5,1000.2999877929688,984.0247689678016,11844809.0
HDFCBANK.NS,2025-12-12,1003.0,1004.7000122070312,998.2000122070312,1001.5,985.2052565707133,11988618.0
HDFCBANK.NS,2025-12-15,992.0,1001.7999877929688,992.0,996.0999755859375,979.8930923786569,9790060.0
HDFCBANK.NS,2025-12-16,990.0999755859375,998.7000122070312,990.0999755859375,994.2999877929688,978.122390995336,20049088.0
HDFCBANK.NS,2025-12-17,996.0,996.0,980.7999877929688,984.0,967.9899874843554,19080922.0
HDFCBANK.NS,2025-12-18,973.2999877929688,987.4000244140625,973.2999877929688,979.7000122070312,963.7599619458405,14912404.0
HDFCBANK.NS,2025-12-19,987.0,988.0,978.7000122070312,985.5,969.4655819774719,25952384.0
HDFCBANK.NS,2025-12-22,988.0,992.9000244140625,983.9000244140625,987.7000122070312,971.6297992424612,13540411.0
HDFCBANK.NS,2025-12-23,990.5,998.9000244140625,987.7000122070312,996.5999755859375,980.3849572096957,17927849.0
HDFCBANK.NS,2025-12-24,993.0,999.4000244140625,993.0,997.2000122070312,980.9752310321984,13699996.0
HDFCBANK.NS,2025-12-25,992.53792429,1004.75180666,966.4659457,978.50716969,962.5865273796495,
HDFCBANK.NS,2025-12-26,996.0,997.2000122070312,987.7000122070312,992.0999755859375,975.9581737303465,9360853.0
HDFCBANK.NS,2025-12-29,993.0999755859375,997.4000244140625,987.2000122070312,991.7000122070312,975.5647178907716,13545749.0
HDFCBANK.NS,2025-12-30,990.2000122070312,995.0,982.2000122070312,990.9000244140625,974.7777461695283,33155849.0
HDFCBANK.NS,2025-12-31,991.0,997.5999755859375,987.5999755859375,991.2000122070312,975.0728530597328,10963454.0
HDFCBANK.NS,2026-01-01,993.5,997.5499877929688,989.5,991.1500244140625,975.0236785850477,7132074.0
HDFCBANK.NS,2026-01-02,991.1500244140625,1003.2000122070312,988.7999877929688,1001.5999755859375,985.3036055200837,11751459.0
HDFCBANK.NS,2026-01-05,1005.75,1006.4000244140625,976.2999877929688,977.5,961.5957446808511,27647379.0
HDFCBANK.NS,2026-01-06,962.7000122070312,966.7000122070312,956.0,962.2000122070312,946.5446928594826,31988783.0
HDFCBANK.NS,2026-01-07,956.0,956.4500122070312,946.0,949.0499877929688,933.6086237863248,52884712.0
HDFCBANK.NS,2026-01-08,944.7000122070312,953.0,941.4000244140625,946.7000122070312,931.2968830972798,21928849.0
HDFCBANK.NS,2026-01-09,945.0,950.5999755859375,933.2999877929688,939.0,923.7221526908636,38183839.0
HDFCBANK.NS,2026-01-12,937.5,942.0,929.5999755859375,936.9500122070312,921.7055188920232,21071666.0
HDFCBANK.NS,2026-01-13,947.7000122070312,947.7000122070312,932.5999755859375,937.3499755859375,922.0989747315981,32042827.0
HDFCBANK.NS,2026-01-14,930.0,940.0499877929688,920.2000122070312,925.4500122070312,910.3926277781309,36688248.0
HDFCBANK.NS,2026-01-15,925.4500122070312,925.4500122070312,925.4500122070312,925.4500122070312,910.3926277781309,0.0
HDFCBANK.NS,2026-01-16,922.0,935.9500122070312,919.2000122070312,931.0999755859375,915.9506643436131,37780235.0
HDFCBANK.NS,2026-01-19,935.9000244140625,936.1500244140625,919.5,927.9000244140625,912.8027774586398,38191942.0
HDFCBANK.NS,2026-01-20,929.2999877929688,934.5,919.5999755859375,931.2000122070312,916.049073335077,36022727.0
HDFCBANK.NS,2026-01-21,925.0,932.1500244140625,915.5,920.3499755859375,905.375570476279,32766854.0
HDFCBANK.NS,2026-01-22,928.0,928.2999877929688,913.2000122070312,918.7000122070312,903.752452559107,44444755.0
HDFCBANK.NS,2026-01-23,920.0,926.0999755859375,909.25,916.0999755859375,901.1947194124491,30985247.0
HDFCBANK.NS,2026-01-26,915.61788108,928.25084044,892.30593973,904.78949776,890.0682668828035,
HDFCBANK.NS,2026-01-27,906.0,931.2000122070312,905.0,926.4000244140625,911.3271829655233,44753093.0
HDFCBANK.NS,2026-01-28,932.5,941.4500122070312,928.4000244140625,932.7000122070312,917.5246678281934,35347138.0
HDFCBANK.NS,2026-01-29,930.0999755859375,939.2999877929688,924.3499755859375,935.5,920.279098873592,37175628.0
HDFCBANK.NS,2026-01-30,930.0,938.9000244140625,927.75,929.25,914.130788485607,29691233.0
HDFCBANK.NS,2026-02-02,915.0,929.7999877929688,909.2999877929688,928.0999755859375,912.9994753573803,28032106.0
HDFCBANK.NS,2026-02-03,983.75,994.0,945.0,948.7000122070312,933.264342421435,50336968.0
HDFCBANK.NS,2026-02-04,952.5,957.2000122070312,947.9500122070312,953.0999755859375,937.5927169093202,24366770.0
HDFCBANK.NS,2026-02-05,956.0,956.0499877929688,946.7000122070312,949.7000122070312,934.2480720835125,28103169.0
HDFCBANK.NS,2026-02-06,945.0,948.0999755859375,937.5999755859375,941.0999755859375,925.7879609643891,18120272.0
HDFCBANK.NS,2026-02-09,945.0,950.0,935.3499755859375,937.25,922.0006257822278,23947829.0
HDFCBANK.NS,2026-02-10,930.0,940.9000244140625,929.9500122070312,932.4000244140625,917.2295609379889,31525385.0
HDFCBANK.NS,2026-02-11,931.25,936.0,925.2999877929688,927.0999755859375,912.0157456953027,24869804.0
HDFCBANK.NS,2026-02-12,927.0,928.5999755859375,918.5,920.5999755859375,905.6215028917983,33872203.0
HDFCBANK.NS,2026-02-13,913.0,928.2000122070312,901.0,903.9000244140625,889.1932655687774,50188359.0
HDFCBANK.NS,2026-02-16,903.9000244140625,929.5,902.0999755859375,925.7999877929688,910.7369091430206,18806989.0
HDFCBANK.NS,2026-02-17,923.0,928.0999755859375,918.5999755859375,925.7000122070312,910.6385601936502,22599629.0
HDFCBANK.NS,2026-02-18,923.2000122070312,925.5,919.5499877929688,924.7000122070312,909.6548305315727,12738702.0
HDFCBANK.NS,2026-02-19,929.0,929.2000122070312,912.4500122070312,915.5999755859375,900.7028545814104,21209234.0
HDFCBANK.NS,2026-02-20,911.0,917.8499755859375,908.4000244140625,911.8499755859375,897.0138683486193,22654907.0
HDFCBANK.NS,2026-02-23,916.5,925.6500244140625,915.25,923.5999755859375,908.5726918780312,23270122.0
HDFCBANK.NS,2026-02-24,927.9500122070312,927.9500122070312,909.1500244140625,910.5,895.6858573216521,31313985.0
HDFCBANK.NS,2026-02-25,910.5499877929688,916.0,903.0999755859375,907.5999755859375,892.8330172847895,27884303.0
HDFCBANK.NS,2026-02-26,912.0,912.0,895.0,898.5999755859375,883.9794503260912,41165937.0
HDFCBANK.NS,2026-02-27,898.5999755859375,898.9500122070312,885.0,887.75,873.3060075093867,34620755.0
HDFCBANK.NS,2026-03-02,876.2000122070312,887.75,871.5499877929688,879.4000244140625,865.0918888478762,38378924.0
HDFCBANK.NS,2026-03-03,880.3342544,894.87846732,874.82012365,889.30812712,874.8387833746183,
HDFCBANK.NS,2026-03-04,848.0,879.2999877929688,848.0,868.6500244140625,854.516794980542,39862322.0
HDFCBANK.NS,2026-03-05,873.8499755859375,881.4000244140625,863.5,877.75,863.4687108886108,31324582.0
HDFCBANK.NS,2026-03-06,868.0499877929688,871.7000122070312,855.0999755859375,857.0499877929688,843.1054948751859,34439647.0
HDFCBANK.NS,2026-03-09,825.0,842.4500122070312,821.5,840.7000122070312,827.0215389170545,35592613.0
HDFCBANK.NS,2026-03-10,850.0499877929688,856.7999877929688,840.5999755859375,849.4500122070312,835.6291734602335,52866024.0
HDFCBANK.NS,2026-03-11,845.0,848.8499755859375,827.5999755859375,833.9500122070312,820.3813636980307,42261076.0
HDFCBANK.NS,2026-03-12,820.0999755859375,836.4000244140625,820.0999755859375,832.75,819.2008760951189,46107561.0
HDFCBANK.NS,2026-03-13,820.0,823.7999877929688,812.0,817.0,803.7071339173967,41700464.0
HDFCBANK.NS,2026-03-16,817.0,844.5,815.6500244140625,840.5999755859375,826.9231299255906,52182605.0
HDFCBANK.NS,2026-03-17,847.7000122070312,848.9000244140625,835.0999755859375,845.3499755859375,831.5958458204592,38826979.0
HDFCBANK.NS,2026-03-18,845.3499755859375,846.7999877929688,831.5999755859375,843.0499877929688,829.3332796060995,23507063.0
HDFCBANK.NS,2026-03-19,770.0,815.6500244140625,770.0,798.2000122070312,785.2130282787566,171637393.0
HDFCBANK.NS,2026-03-20,785.0,793.75,778.2000122070312,780.4500122070312,767.7518267768793,103129469.0
HDFCBANK.NS,2026-03-23,763.1500244140625,768.7000122070312,741.0499877929688,744.1500244140625,732.0424520518812,72341738.0
HDFCBANK.NS,2026-03-24,755.0,772.75,747.7000122070312,764.9000244140625,752.4548425399914,61269986.0
HDFCBANK.NS,2026-03-25,768.2000122070312,794.7999877929688,768.2000122070312,782.2999877929688,769.5717026348855,59230640.0
HDFCBANK.NS,2026-03-26,784.29663363,794.1233606,777.85701539,787.65615833,774.8407264673091,
HDFCBANK.NS,2026-03-27,773.2000122070312,774.9000244140625,754.5499877929688,756.2000122070312,743.8963824714975,65485199.0
HDFCBANK.NS,2026-03-30,745.2000122070312,751.0,726.6500244140625,731.5499877929688,719.6474222844474,103500135.0
HDFCBANK.NS,2026-03-31,732.67838431,744.76362534,725.09770854,737.13682025,725.1433550894868,
HDFCBANK.NS,2026-04-01,743.0,755.9000244140625,739.0999755859375,742.25,730.1733416770963,78862761.0
HDFCBANK.NS,2026-04-02,730.0,755.0,726.6500244140625,750.9000244140625,738.6826272709051,49310300.0
HDFCBANK.NS,2026-04-03,747.895694,767.32518312,741.35625121,760.67400942,748.2975862379475,
HDFCBANK.NS,2026-04-06,759.0,772.75,745.0,771.0,758.4555694618273,42976659.0
HDFCBANK.NS,2026-04-07,766.0,774.0,761.0,772.0,759.4392991239049,51309793.0
HDFCBANK.NS,2026-04-08,800.0,817.7999877929688,796.0,816.0999755859375,802.8217532046895,70269512.0
HDFCBANK.NS,2026-04-09,815.0,819.0,793.0999755859375,797.7000122070312,784.7211634477178,48879392.0
HDFCBANK.NS,2026-04-10,804.0,812.25,801.0,810.2999877929688,797.1161331730582,38156026.0
HDFCBANK.NS,2026-04-13,791.5,798.5,787.3499755859375,794.7000122070312,781.769974461485,47549328.0
HDFCBANK.NS,2026-04-14,791.55555403,814.26122691,780.83430132,803.37982,790.3085588485607,
HDFCBANK.NS,2026-04-15,804.9500122070312,814.7999877929688,804.0,809.9000244140625,796.7226773334833,39769515.0
HDFCBANK.NS,2026-04-16,818.0,820.0499877929688,792.2000122070312,795.4500122070312,782.5077717080432,62861293.0
HDFCBANK.NS,2026-04-17,790.0999755859375,803.9500122070312,788.2000122070312,799.9000244140625,786.8853807127073,37282544.0
HDFCBANK.NS,2026-04-20,797.0999755859375,809.9500122070312,790.0,795.4500122070312,782.5077717080432,52148044.0
HDFCBANK.NS,2026-04-21,795.2000122070312,814.9000244140625,795.2000122070312,811.75,798.5425531914893,49135752.0
HDFCBANK.NS,2026-04-22,810.0,813.0499877929688,798.0,799.9000244140625,786.8853807127073,23876412.0
HDFCBANK.NS,2026-04-23,792.0,796.6500244140625,782.5,784.3499755859375,771.5883364337258,37677616.0
HDFCBANK.NS,2026-04-24,777.2999877929688,787.5999755859375,777.0,784.8499755859375,772.0802012647646,27720358.0
HDFCBANK.NS,2026-04-27,787.5,793.0,785.0,789.7999877929688,776.9496751004674,18115375.0
HDFCBANK.NS,2026-04-28,785.0,794.5,778.2999877929688,782.5499877929688,769.8176350504049,35366803.0
HDFCBANK.NS,2026-04-29,785.5,790.0,777.3499755859375,779.0,766.325406758448,25799963.0
HDFCBANK.NS,2026-04-30,770.0,778.7999877929688,762.25,771.7000122070312,759.1441922337003,47998755.0
HDFCBANK.NS,2026-05-01,771.7000122070312,771.7000122070312,771.7000122070312,771.7000122070312,759.1441922337003,0.0
HDFCBANK.NS,2026-05-04,772.5999755859375,786.5999755859375,772.5999755859375,779.4000244140625,766.7189226401166,29028060.0
HDFCBANK.NS,2026-05-05,774.4000244140625,776.9000244140625,763.7000122070312,772.2999877929688,759.7344060141095,38887657.0
HDFCBANK.NS,2026-05-06,775.1500244140625,798.9500122070312,773.5,796.5499877929688,783.5898503194912,35530831.0
HDFCBANK.NS,2026-05-07,794.0,801.5499877929688,788.5499877929688,796.0499877929688,783.0979854884524,46137553.0
HDFCBANK.NS,2026-05-08,784.0,788.75,777.2000122070312,780.8499755859375,768.1452826164542,38016841.0
HDFCBANK.NS,2026-05-11,771.9500122070312,774.8499755859375,761.9000244140625,763.6500244140625,751.2251804623944,41123422.0
HDFCBANK.NS,2026-05-12,756.5999755859375,759.7000122070312,747.7999877929688,750.4500122070312,738.2399369145513,43937132.0
HDFCBANK.NS,2026-05-13,752.0,759.9500122070312,747.3499755859375,749.5999755859375,737.4037306765292,28960919.0
HDFCBANK.NS,2026-05-14,751.0,778.2999877929688,747.0,769.5499877929688,757.0291494433961,50992358.0
HDFCBANK.NS,2026-05-15,773.0,781.9000244140625,765.4000244140625,767.5,755.0125156445557,24347873.0
HDFCBANK.NS,2026-05-18,759.0,774.0999755859375,751.3499755859375,768.6500244140625,756.1438287727824,29812079.0
HDFCBANK.NS,2026-05-19,766.7000122070312,770.7999877929688,760.25,762.4500122070312,750.0446928594826,40307830.0
HDFCBANK.NS,2026-05-20,759.5999755859375,762.25,755.1500244140625,759.5,747.142678347935,24013451.0
HDFCBANK.NS,2026-05-21,767.0,768.25,755.1500244140625,759.1500244140625,746.7983969830452,34664725.0
HDFCBANK.NS,2026-05-22,759.1500244140625,775.0,759.1500244140625,766.7999877929688,754.3238928726827,25604071.0
HDFCBANK.NS,2026-05-25,776.0,787.8499755859375,775.2000122070312,786.8499755859375,774.0476605889197,26043952.0
HDFCBANK.NS,2026-05-26,784.0499877929688,790.8499755859375,776.75,778.9000244140625,766.2270578090778,31528062.0
HDFCBANK.NS,2026-05-27,769.5,773.9000244140625,756.9000244140625,758.6500244140625,746.3065321520064,63680153.0
HDFCBANK.NS,2026-05-28,758.6500244140625,758.6500244140625,758.6500244140625,758.6500244140625,746.3065321520064,0.0
HDFCBANK.NS,2026-05-29,746.0499877929688,760.5,737.75,744.5499877929688,732.4359078914562,101299431.0
HDFCBANK.NS,2026-06-01,749.0,752.3499755859375,739.2000122070312,742.7000122070312,730.61603203345,47996441.0
HDFCBANK.NS,2026-06-02,737.0,753.5999755859375,733.1500244140625,748.25,736.075719649562,47314447.0
HDFCBANK.NS,2026-06-03,744.4500122070312,756.9000244140625,742.5999755859375,753.6500244140625,741.3878838416184,36109480.0
HDFCBANK.NS,2026-06-04,749.1500244140625,757.2999877929688,745.0,754.2000122070312,741.9289231473423,42673538.0
HDFCBANK.NS,2026-06-05,753.9500122070312,758.7000122070312,744.6500244140625,747.0499877929688,734.8952320466501,22116568.0
HDFCBANK.NS,2026-06-08,738.0,741.5,734.5,738.6500244140625,726.6319389104544,21550700.0
HDFCBANK.NS,2026-06-09,739.4500122070312,743.9500122070312,732.2999877929688,738.3499755859375,726.3367719781563,38539563.0
HDFCBANK.NS,2026-06-10,736.5,755.9500122070312,736.4000244140625,746.8499755859375,734.6984741058159,44458159.0
HDFCBANK.NS,2026-06-11,743.0,756.0,740.0999755859375,744.5999755859375,732.4850823661412,32632007.0
HDFCBANK.NS,2026-06-12,754.7000122070312,774.4500122070312,753.0999755859375,772.4500122070312,759.8819894802584,36088159.0
HDFCBANK.NS,2026-06-15,790.0,793.5,775.5999755859375,777.3499755859375,764.7022287991825,39990334.0
HDFCBANK.NS,2026-06-16,780.5,787.7000122070312,779.4500122070312,784.9000244140625,772.1294357815433,27820970.0
HDFCBANK.NS,2026-06-17,787.6500244140625,794.2999877929688,783.0999755859375,787.0999755859375,774.2935930044391,32405604.0
HDFCBANK.NS,2026-06-18,786.5,802.9500122070312,786.2000122070312,799.0,786.0,41492071.0
HDFCBANK.NS,2026-06-19,788.7000122070312,789.0499877929688,776.2000122070312,779.7999877929688,779.7999877929688,33798761.0
HDFCBANK.NS,2026-06-22,789.9000244140625,789.9000244140625,783.0999755859375,786.4000244140625,786.4000244140625,25194765.0
HDFCBANK.NS,2026-06-23,783.0499877929688,790.9000244140625,772.5499877929688,774.6500244140625,774.6500244140625,28289062.0
HDFCBANK.NS,2026-06-24,773.0,794.9000244140625,772.6500244140625,793.2000122070312,793.2000122070312,34701292.0
HDFCBANK.NS,2026-06-25,798.5,804.4500122070312,794.75,796.2999877929688,796.2999877929688,46707966.0
HDFCBANK.NS,2026-06-26,796.2999877929688,796.2999877929688,796.2999877929688,796.2999877929688,796.2999877929688,0.0
HDFCBANK.NS,2026-06-29,800.0,805.9000244140625,793.2999877929688,798.9000244140625,798.9000244140625,46695977.0
HDFCBANK.NS,2026-06-30,806.0999755859375,806.0999755859375,792.75,797.9500122070312,797.9500122070312,45778356.0
HDFCBANK.NS,2026-07-01,793.5,802.25,793.5,796.1500244140625,796.1500244140625,26094378.0
HDFCBANK.NS,2026-07-02,795.0,805.4500122070312,794.0,795.9000244140625,795.9000244140625,34143823.0
HDFCBANK.NS,2026-07-03,803.0,807.0,798.5499877929688,801.0499877929688,801.0499877929688,25871958.0
HDFCBANK.NS,2026-07-06,805.0,831.5,805.0,829.8499755859375,829.8499755859375,63203327.0
HDFCBANK.NS,2026-07-07,843.0,843.0,826.0999755859375,829.2999877929688,829.2999877929688,57611729.0
HDFCBANK.NS,2026-07-08,825.9000244140625,834.3499755859375,806.9500122070312,810.2999877929688,810.2999877929688,38754632.0
HDFCBANK.NS,2026-07-09,813.0,822.8499755859375,812.2999877929688,817.5499877929688,817.5499877929688,39891798.0
HDFCBANK.NS,2026-07-10,824.0,827.7000122070312,820.2999877929688,824.9500122070312,824.9500122070312,23595785.0
HDFCBANK.NS,2026-07-13,817.0,821.9500122070312,811.0,817.9500122070312,817.9500122070312,21741736.0
HDFCBANK.NS,2026-07-14,811.4000244140625,818.4000244140625,807.0,809.4000244140625,809.4000244140625,25605395.0
HDFCBANK.NS,2026-07-15,811.0,819.7000122070312,809.7000122070312,815.4500122070312,815.4500122070312,21488739.0
HDFCBANK.NS,2026-07-16,814.5,818.0,806.5,808.2999877929688,808.2999877929688,18698186.0
HDFCBANK.NS,2026-07-17,810.0,823.7000122070312,808.5,819.5999755859375,819.5999755859375,17415322.0
HDFCBANK.NS,2026-07-20,790.0,790.0,774.5499877929688,777.5999755859375,777.5999755859375,56061789.0
HDFCBANK.NS,2026-07-21,769.1500244140625,772.5,760.0999755859375,761.4500122070312,761.4500122070312,42246009.0
HDFCBANK.NS,2026-07-22,760.25,761.3499755859375,752.5499877929688,753.4000244140625,753.4000244140625,10788384.0
HDFCBANK.NS,2026-07-23,749.4000244140625,751.0,743.25,747.25,747.25,32527278.0
HDFCBANK.NS,2026-07-24,738.5,748.25,737.25,742.7999877929688,742.7999877929688,23835513.0
HDFCBANK.NS,2026-07-27,746.0999755859375,747.9500122070312,738.0999755859375,739.5499877929688,739.5499877929688,29664316.0
HDFCBANK.NS,2026-07-28,732.0,740.25,732.0,735.4000244140625,735.4000244140625,33886037.0
HDFCBANK.NS,2026-07-29,743.0,751.25,740.7999877929688,748.2000122070312,748.2000122070312,20459126.0
HDFCBANK.NS,2026-07-30,752.7999877929688,757.9000244140625,745.5,753.9500122070312,753.9500122070312,35834212.0
HDFCBANK.NS,2026-07-31,753.9500122070312,757.5499877929688,747.2000122070312,748.1500244140625,748.1500244140625,25512663.0
HDFCBANK.NS,2026-08-03,753.0499877929688,756.8499755859375,750.0499877929688,753.0,753.0,14816484.0
HDFCBANK.NS,2026-08-04,753.2000122070312,753.2000122070312,738.0,742.0,742.0,31451381.0
HDFCBANK.NS,2026-08-05,733.7999877929688,741.9500122070312,732.5999755859375,735.0,735.0,60031343.0
HDFCBANK.NS,2026-08-06,739.0,740.5,733.5499877929688,736.1500244140625,736.1500244140625,29822726.0
HDFCBANK.NS,2026-08-07,733.0,736.0,728.2000122070312,731.0,731.0,19372672.0
HDFCBANK.NS,2026-08-10,731.5,737.5499877929688,728.5,731.0,731.0,23655030.0
HDFCBANK.NS,2026-08-11,730.5,730.8499755859375,726.5499877929688,729.0,729.0,28867462.0
HDFCBANK.NS,2026-08-12,729.0,730.6500244140625,722.0,729.0,729.0,26982774.0
HDFCBANK.NS,2026-08-13,726.9000244140625,729.0,724.5,725.0,725.0,22088242.0
HDFCBANK.NS,2026-08-14,725.0,729.5999755859375,723.5,727.0,727.0,20349327.0
HDFCBANK.NS,2026-08-17,727.0499877929688,732.0999755859375,724.5,729.0,729.0,14810761.0
HDFCBANK.NS,2026-08-18,726.2999877929688,729.0,723.0,723.0,723.0,17754096.0
HDFCBANK.NS,2026-08-19,724.0,725.4000244140625,715.0999755859375,720.0,720.0,21340923.0
HDFCBANK.NS,2026-08-20,725.5,728.2999877929688,724.2999877929688,725.0499877929688,725.0499877929688,17598073.0
HDFCBANK.NS,2026-08-21,728.2999877929688,732.7999877929688,726.5999755859375,726.9500122070312,726.9500122070312,26007126.0
HDFCBANK.NS,2026-08-24,732.5,734.4000244140625,724.0999755859375,729.0,729.0,11406503.0
HDFCBANK.NS,2026-08-25,726.5999755859375,728.7000122070312,722.0,727.5,727.5,17506388.0
HDFCBANK.NS,2026-08-26,728.0,731.0,724.1500244140625,727.2000122070312,727.2000122070312,21143507.0
HDFCBANK.NS,2026-08-27,723.23242077,727.15198306,710.65349222,714.5258693,714.5258693,
